#node1	node2	node1_string_id	node2_string_id	neighborhood_on_chromosome	gene_fusion	phylogenetic_cooccurrence	homology	coexpression	experimentally_determined_interaction	database_annotated	automated_textmining	combined_score
AARS1	AK1	9606.ENSP00000261772	9606.ENSP00000223836	0.058	0	0	0	0.086	0	0	0.420	0.458
AARS1	CTPS1	9606.ENSP00000261772	9606.ENSP00000497744	0	0	0	0	0.268	0	0	0.259	0.435
AARS1	EEF1G	9606.ENSP00000261772	9606.ENSP00000331901	0	0.168	0	0	0.245	0	0	0.206	0.458
AARS1	DARS1	9606.ENSP00000261772	9606.ENSP00000264161	0.079	0	0	0	0.171	0.452	0	0.458	0.743
AARS1	CARS1	9606.ENSP00000261772	9606.ENSP00000369897	0.055	0	0	0	0.340	0	0	0.811	0.872
ABCA1	CPT1A	9606.ENSP00000363868	9606.ENSP00000265641	0	0	0	0	0.055	0	0	0.563	0.570
ABCA1	ACOX1	9606.ENSP00000363868	9606.ENSP00000293217	0	0	0	0	0.069	0	0	0.519	0.533
ABCA1	ALB	9606.ENSP00000363868	9606.ENSP00000295897	0	0	0	0	0.044	0	0	0.522	0.524
ABCA1	LPA	9606.ENSP00000363868	9606.ENSP00000321334	0	0	0	0	0	0	0	0.740	0.740
ABCA1	C1QA	9606.ENSP00000363868	9606.ENSP00000363773	0	0	0	0	0.084	0.060	0	0.415	0.452
ABCA1	ACLY	9606.ENSP00000363868	9606.ENSP00000466259	0	0	0	0	0	0	0	0.405	0.405
ABCA1	ACTB	9606.ENSP00000363868	9606.ENSP00000494750	0	0	0	0	0	0	0	0.551	0.551
ABCA1	APOC2	9606.ENSP00000363868	9606.ENSP00000466775	0	0	0	0	0.058	0	0	0.578	0.585
ABCA1	MATK	9606.ENSP00000363868	9606.ENSP00000378485	0	0	0	0	0.055	0.044	0	0.620	0.626
ABCA2	ATP1B2	9606.ENSP00000344155	9606.ENSP00000250111	0	0	0	0	0.053	0	0.720	0.052	0.726
ABCA3	ABCA4	9606.ENSP00000301732	9606.ENSP00000359245	0	0	0.073	0.826	0	0.271	0	0.189	0.404
ABCA4	BBS1	9606.ENSP00000359245	9606.ENSP00000317469	0	0	0	0	0	0	0	0.470	0.470
ABCD1	ACAA1	9606.ENSP00000218104	9606.ENSP00000333664	0	0	0	0	0.111	0	0	0.445	0.486
ABCD1	ACOX1	9606.ENSP00000218104	9606.ENSP00000293217	0	0	0	0	0.111	0	0	0.541	0.575
ABL1	APEX1	9606.ENSP00000361423	9606.ENSP00000216714	0	0	0	0	0.050	0	0	0.446	0.451
ABL1	CD33	9606.ENSP00000361423	9606.ENSP00000262262	0	0	0	0	0	0.102	0	0.606	0.631
ABL1	BIRC3	9606.ENSP00000361423	9606.ENSP00000263464	0	0	0	0	0	0.092	0	0.423	0.454
ABL1	BNIP2	9606.ENSP00000361423	9606.ENSP00000267859	0	0	0	0	0	0.098	0.500	0.105	0.561
ABL1	ERBB2	9606.ENSP00000361423	9606.ENSP00000269571	0	0	0	0.591	0.049	0.615	0	0.325	0.731
ABL1	CDH15	9606.ENSP00000361423	9606.ENSP00000289746	0	0	0	0	0	0.067	0.500	0.090	0.538
ABL1	ALB	9606.ENSP00000361423	9606.ENSP00000295897	0	0	0	0	0	0	0	0.436	0.436
ABL1	BCR	9606.ENSP00000361423	9606.ENSP00000303507	0	0	0	0	0.083	0.737	0.900	0.869	0.996
ABL1	EBF1	9606.ENSP00000361423	9606.ENSP00000322898	0	0	0	0	0.053	0.052	0	0.629	0.637
ABL1	SMAD3	9606.ENSP00000361423	9606.ENSP00000332973	0	0	0	0	0.104	0.091	0	0.367	0.440
ABL1	MEF2C	9606.ENSP00000361423	9606.ENSP00000340874	0	0	0	0	0	0	0.500	0.222	0.594
ABL1	ACTB	9606.ENSP00000361423	9606.ENSP00000494750	0	0	0	0	0.079	0.070	0	0.521	0.554
ABL1	CBFB	9606.ENSP00000361423	9606.ENSP00000415151	0	0	0	0	0.042	0	0.400	0.507	0.691
ACAA1	DLD	9606.ENSP00000333664	9606.ENSP00000205402	0	0	0	0	0.084	0.053	0.105	0.393	0.466
ACAA1	DECR1	9606.ENSP00000333664	9606.ENSP00000220764	0.044	0	0	0	0.232	0.051	0.182	0.461	0.637
ACAA1	ACADL	9606.ENSP00000333664	9606.ENSP00000233710	0.054	0	0	0	0.333	0.051	0.918	0.643	0.979
ACAA1	CPT1A	9606.ENSP00000333664	9606.ENSP00000265641	0	0	0	0	0.054	0	0	0.488	0.495
ACAA1	ACOX1	9606.ENSP00000333664	9606.ENSP00000293217	0.054	0	0	0	0.641	0.180	0.932	0.945	0.998
ACAA1	ALDH1A1	9606.ENSP00000333664	9606.ENSP00000297785	0	0	0	0	0.141	0	0.214	0.186	0.403
ACAA1	ALDH1B1	9606.ENSP00000333664	9606.ENSP00000366927	0	0	0	0	0.141	0	0.214	0.186	0.403
ACAA1	ETFDH	9606.ENSP00000333664	9606.ENSP00000426638	0.057	0	0	0	0.278	0.099	0	0.336	0.538
ACAA1	ACADM	9606.ENSP00000333664	9606.ENSP00000359871	0.054	0	0	0	0.338	0.051	0.216	0.657	0.811
ACAA1	ACLY	9606.ENSP00000333664	9606.ENSP00000466259	0.057	0	0	0	0.113	0	0.827	0.453	0.910
ACAA1	ACAT2	9606.ENSP00000333664	9606.ENSP00000356015	0	0	0.112	0.854	0.061	0	0.900	0.186	0.923
ACAA1	ALDH6A1	9606.ENSP00000333664	9606.ENSP00000450436	0	0	0	0	0.156	0.100	0.900	0.444	0.952
ACAA1	ACADVL	9606.ENSP00000333664	9606.ENSP00000438689	0.054	0	0	0	0.527	0.051	0.918	0.489	0.979
ACAA1	ACADSB	9606.ENSP00000333664	9606.ENSP00000357873	0.054	0	0	0	0.697	0.051	0.918	0.684	0.991
ACADL	DLD	9606.ENSP00000233710	9606.ENSP00000205402	0.042	0	0	0	0.189	0	0.216	0.284	0.506
ACADL	DECR1	9606.ENSP00000233710	9606.ENSP00000220764	0.042	0	0	0	0.193	0.099	0.174	0.458	0.632
ACADL	AOC2	9606.ENSP00000233710	9606.ENSP00000253799	0	0	0	0	0.047	0	0	0.445	0.448
ACADL	ALDH6A1	9606.ENSP00000233710	9606.ENSP00000450436	0	0	0	0	0.150	0.072	0	0.389	0.476
ACADL	ACLY	9606.ENSP00000233710	9606.ENSP00000466259	0.042	0	0	0	0.103	0.069	0	0.471	0.520
ACADL	ACADM	9606.ENSP00000233710	9606.ENSP00000359871	0	0	0.126	0.772	0.311	0.099	0	0.319	0.581
ACADL	ACAT2	9606.ENSP00000233710	9606.ENSP00000356015	0.054	0	0	0	0.324	0.051	0.216	0.328	0.622
ACADL	ETFDH	9606.ENSP00000233710	9606.ENSP00000426638	0.070	0	0	0	0.264	0.099	0	0.632	0.743
ACADL	CPT1A	9606.ENSP00000233710	9606.ENSP00000265641	0	0	0	0	0	0	0	0.762	0.762
ACADL	ACADSB	9606.ENSP00000233710	9606.ENSP00000357873	0	0	0.123	0.803	0.111	0.094	0.900	0.173	0.931
ACADL	ACADVL	9606.ENSP00000233710	9606.ENSP00000438689	0	0	0.151	0.719	0.130	0.098	0.900	0.386	0.951
ACADL	ACOX1	9606.ENSP00000233710	9606.ENSP00000293217	0	0	0	0	0.105	0	0.900	0.719	0.972
ACADM	DLD	9606.ENSP00000359871	9606.ENSP00000205402	0.042	0	0	0	0.343	0	0.216	0.262	0.587
ACADM	DECR1	9606.ENSP00000359871	9606.ENSP00000220764	0.042	0	0	0	0.413	0.099	0.174	0.504	0.755
ACADM	CPT1A	9606.ENSP00000359871	9606.ENSP00000265641	0	0	0	0	0	0	0	0.756	0.756
ACADM	ACOX1	9606.ENSP00000359871	9606.ENSP00000293217	0	0	0	0	0.148	0	0	0.802	0.824
ACADM	SMAD3	9606.ENSP00000359871	9606.ENSP00000332973	0	0	0	0	0.059	0	0	0.424	0.435
ACADM	ESRRG	9606.ENSP00000359871	9606.ENSP00000355904	0	0	0	0	0.044	0	0	0.610	0.611
ACADM	ACAT2	9606.ENSP00000359871	9606.ENSP00000356015	0.054	0	0	0	0.342	0.051	0.216	0.216	0.571
ACADM	ACADSB	9606.ENSP00000359871	9606.ENSP00000357873	0	0	0.129	0.814	0.294	0.094	0	0.189	0.489
ACADM	ALDH1B1	9606.ENSP00000359871	9606.ENSP00000366927	0.042	0	0	0	0.127	0	0.182	0.256	0.423
ACADM	ALDH6A1	9606.ENSP00000359871	9606.ENSP00000450436	0	0	0	0	0.195	0.062	0	0.366	0.480
ACADM	ACLY	9606.ENSP00000359871	9606.ENSP00000466259	0.042	0	0	0	0.108	0.069	0	0.443	0.498
ACADM	ACADVL	9606.ENSP00000359871	9606.ENSP00000438689	0	0	0.169	0.723	0.252	0.099	0	0.549	0.713
ACADM	ETFDH	9606.ENSP00000359871	9606.ENSP00000426638	0.070	0	0	0	0.373	0.051	0	0.627	0.766
ACADSB	DLD	9606.ENSP00000357873	9606.ENSP00000205402	0.042	0	0	0	0.111	0	0.216	0.300	0.471
ACADSB	DECR1	9606.ENSP00000357873	9606.ENSP00000220764	0.042	0	0	0	0.088	0.091	0.174	0.226	0.400
ACADSB	CPT1A	9606.ENSP00000357873	9606.ENSP00000265641	0	0	0	0	0.054	0	0	0.460	0.467
ACADSB	ACOX1	9606.ENSP00000357873	9606.ENSP00000293217	0	0	0	0	0.168	0	0.900	0.457	0.950
ACADSB	ACAT2	9606.ENSP00000357873	9606.ENSP00000356015	0.054	0	0	0	0.328	0.051	0.918	0.358	0.962
ACADSB	ALDH1B1	9606.ENSP00000357873	9606.ENSP00000366927	0.042	0	0	0	0.216	0	0.182	0.234	0.466
ACADSB	ETFDH	9606.ENSP00000357873	9606.ENSP00000426638	0.070	0	0	0	0.368	0.095	0	0.428	0.655
ACADSB	ALDH6A1	9606.ENSP00000357873	9606.ENSP00000450436	0	0	0	0	0.341	0.062	0	0.636	0.755
ACADVL	ATP5F1D	9606.ENSP00000438689	9606.ENSP00000215375	0	0	0	0	0.255	0.052	0	0.239	0.416
ACADVL	DECR1	9606.ENSP00000438689	9606.ENSP00000220764	0.042	0	0	0	0.143	0.099	0.174	0.490	0.632
ACADVL	ACTN4	9606.ENSP00000438689	9606.ENSP00000252699	0	0	0	0	0.083	0	0	0.399	0.425
ACADVL	CPT1A	9606.ENSP00000438689	9606.ENSP00000265641	0	0	0	0	0.067	0	0	0.700	0.708
ACADVL	ACOX1	9606.ENSP00000438689	9606.ENSP00000293217	0	0	0	0	0.126	0	0.900	0.699	0.971
ACADVL	ALB	9606.ENSP00000438689	9606.ENSP00000295897	0	0	0	0	0	0.287	0	0.246	0.439
ACADVL	ACAT2	9606.ENSP00000438689	9606.ENSP00000356015	0.054	0	0	0	0.325	0.051	0.216	0.191	0.546
ACADVL	ETFDH	9606.ENSP00000438689	9606.ENSP00000426638	0.070	0	0	0	0.380	0.099	0	0.690	0.817
ACADVL	ALDH6A1	9606.ENSP00000438689	9606.ENSP00000450436	0	0	0	0	0.163	0.062	0	0.359	0.453
ACADVL	ACLY	9606.ENSP00000438689	9606.ENSP00000466259	0.042	0	0	0	0.109	0.069	0	0.398	0.458
ACADVL	ACTB	9606.ENSP00000438689	9606.ENSP00000494750	0	0	0	0	0.067	0	0	0.530	0.543
ACAT2	ACOX1	9606.ENSP00000356015	9606.ENSP00000293217	0.054	0	0	0	0.326	0.051	0.918	0.414	0.965
ACAT2	ALDH1B1	9606.ENSP00000356015	9606.ENSP00000366927	0	0	0	0	0.116	0	0.214	0.265	0.445
ACAT2	ACLY	9606.ENSP00000356015	9606.ENSP00000466259	0.057	0	0	0	0.293	0	0.819	0.384	0.916
ACAT2	ALDH6A1	9606.ENSP00000356015	9606.ENSP00000450436	0	0	0	0	0.144	0.113	0.900	0.195	0.930
ACLY	DLD	9606.ENSP00000466259	9606.ENSP00000205402	0.070	0	0	0	0.259	0.045	0.312	0.406	0.682
ACLY	ACR	9606.ENSP00000466259	9606.ENSP00000216139	0	0	0	0	0.057	0	0	0.448	0.457
ACLY	ATIC	9606.ENSP00000466259	9606.ENSP00000236959	0.115	0	0	0	0.184	0	0	0.617	0.699
ACLY	BAAT	9606.ENSP00000466259	9606.ENSP00000259407	0	0	0	0	0	0	0	0.449	0.449
ACLY	CPT1A	9606.ENSP00000466259	9606.ENSP00000265641	0	0	0	0	0.049	0	0	0.649	0.652
ACLY	ERBB2	9606.ENSP00000466259	9606.ENSP00000269571	0	0	0	0	0.043	0	0	0.582	0.582
ACLY	ACOX1	9606.ENSP00000466259	9606.ENSP00000293217	0.042	0	0	0	0.114	0.069	0	0.563	0.609
ACLY	ALDH1A1	9606.ENSP00000466259	9606.ENSP00000297785	0.057	0	0	0	0.141	0.053	0.218	0.248	0.466
ACLY	ALDH18A1	9606.ENSP00000466259	9606.ENSP00000360268	0.061	0	0	0	0.087	0	0	0.443	0.481
ACLY	ALDH1B1	9606.ENSP00000466259	9606.ENSP00000366927	0.057	0	0	0	0.148	0.053	0.218	0.153	0.404
ACLY	GPT	9606.ENSP00000466259	9606.ENSP00000378408	0	0	0	0	0	0	0	0.407	0.407
ACLY	GK	9606.ENSP00000466259	9606.ENSP00000401720	0	0	0	0	0.056	0.060	0	0.409	0.430
ACLY	ALDOB	9606.ENSP00000466259	9606.ENSP00000497767	0	0	0	0	0.057	0	0	0.404	0.414
ACLY	ACTB	9606.ENSP00000466259	9606.ENSP00000494750	0	0	0	0	0.125	0	0	0.447	0.495
ACOX1	DLD	9606.ENSP00000293217	9606.ENSP00000205402	0.042	0	0	0	0.106	0	0.216	0.355	0.509
ACOX1	DECR1	9606.ENSP00000293217	9606.ENSP00000220764	0.042	0	0	0	0.131	0.091	0.174	0.445	0.590
ACOX1	BAAT	9606.ENSP00000293217	9606.ENSP00000259407	0	0	0	0	0.047	0	0.500	0.267	0.620
ACOX1	CPT1A	9606.ENSP00000293217	9606.ENSP00000265641	0	0	0	0	0.061	0	0	0.834	0.837
ACOX1	ADH5	9606.ENSP00000293217	9606.ENSP00000296412	0	0	0	0	0.099	0.069	0	0.342	0.400
ACOX1	ALDH1A1	9606.ENSP00000293217	9606.ENSP00000297785	0.042	0	0	0	0.127	0	0.182	0.239	0.410
ACOX1	GK	9606.ENSP00000293217	9606.ENSP00000401720	0	0	0	0	0.102	0	0	0.377	0.417
ACOX1	ALB	9606.ENSP00000293217	9606.ENSP00000295897	0	0	0	0	0.058	0	0	0.426	0.436
ACOX1	CIDEA	9606.ENSP00000293217	9606.ENSP00000320209	0	0	0	0	0	0	0	0.478	0.478
ACOX1	ACTB	9606.ENSP00000293217	9606.ENSP00000494750	0	0	0	0	0.042	0	0	0.480	0.481
ACOX1	GPT	9606.ENSP00000293217	9606.ENSP00000378408	0	0	0	0	0.074	0	0	0.529	0.545
ACOX1	ETFDH	9606.ENSP00000293217	9606.ENSP00000426638	0.070	0	0	0	0.288	0.051	0	0.418	0.585
ACOX1	ALDH1B1	9606.ENSP00000293217	9606.ENSP00000366927	0.042	0	0	0	0.129	0	0.829	0.193	0.869
ACOX1	ALDH6A1	9606.ENSP00000293217	9606.ENSP00000450436	0	0	0	0	0.258	0.062	0.900	0.283	0.943
ACPP	CRISP1	9606.ENSP00000323036	9606.ENSP00000338276	0	0	0	0	0.064	0.059	0	0.373	0.400
ACR	ALB	9606.ENSP00000216139	9606.ENSP00000295897	0	0	0	0	0.059	0.058	0	0.385	0.407
ACR	ACRV1	9606.ENSP00000216139	9606.ENSP00000432816	0	0	0	0	0.066	0.094	0	0.423	0.469
ACR	CRISP1	9606.ENSP00000216139	9606.ENSP00000338276	0	0	0	0	0.125	0.046	0	0.454	0.504
ACTA1	CKM	9606.ENSP00000355645	9606.ENSP00000221476	0	0	0	0	0.785	0.071	0	0.333	0.855
ACTA1	ACTA2	9606.ENSP00000355645	9606.ENSP00000224784	0	0	0.047	0.987	0.050	0.808	0.540	0.048	0.910
ACTA1	ACTN4	9606.ENSP00000355645	9606.ENSP00000252699	0	0	0	0	0.070	0.349	0	0.282	0.528
ACTA1	ARPC5	9606.ENSP00000355645	9606.ENSP00000294742	0	0	0	0	0	0.850	0	0.246	0.882
ACTA1	ALB	9606.ENSP00000355645	9606.ENSP00000295897	0	0	0	0	0.042	0	0	0.427	0.428
ACTA1	ARF4	9606.ENSP00000355645	9606.ENSP00000306010	0	0	0	0	0.107	0.070	0	0.459	0.511
ACTA1	ANXA1	9606.ENSP00000355645	9606.ENSP00000366109	0	0	0	0	0.067	0.298	0	0.161	0.403
ACTA1	GPT	9606.ENSP00000355645	9606.ENSP00000378408	0	0	0	0	0	0.045	0	0.437	0.439
ACTA1	NPPB	9606.ENSP00000355645	9606.ENSP00000365651	0	0	0	0	0.103	0	0	0.546	0.576
ACTA1	GC	9606.ENSP00000355645	9606.ENSP00000421725	0	0	0	0	0	0.802	0	0.066	0.807
ACTA1	ACTN3	9606.ENSP00000355645	9606.ENSP00000422007	0	0	0	0	0.354	0.125	0	0.716	0.825
ACTA1	ACTB	9606.ENSP00000355645	9606.ENSP00000494750	0	0	0.047	0.986	0	0.900	0	0.050	0.901
ACTA1	ACTG1	9606.ENSP00000355645	9606.ENSP00000458162	0	0	0.047	0.986	0	0.918	0	0.051	0.920
ACTA1	FLNA	9606.ENSP00000355645	9606.ENSP00000358866	0	0	0	0	0.067	0.900	0	0.488	0.948
ACTA2	COL8A1	9606.ENSP00000224784	9606.ENSP00000261037	0	0	0	0	0.110	0.101	0	0.310	0.400
ACTA2	KCNMB1	9606.ENSP00000224784	9606.ENSP00000274629	0	0	0	0	0.205	0	0	0.310	0.428
ACTA2	ACTB	9606.ENSP00000224784	9606.ENSP00000494750	0	0	0.047	0.986	0.065	0.165	0	0.415	0.506
ACTA2	KLF5	9606.ENSP00000224784	9606.ENSP00000366915	0	0	0	0	0.042	0.251	0	0.491	0.603
ACTA2	FLNA	9606.ENSP00000224784	9606.ENSP00000358866	0	0	0	0	0.091	0	0	0.666	0.683
ACTA2	BGN	9606.ENSP00000224784	9606.ENSP00000327336	0	0	0	0	0.195	0.095	0	0.611	0.692
ACTA2	SMAD3	9606.ENSP00000224784	9606.ENSP00000332973	0	0	0	0	0.074	0.089	0	0.709	0.733
ACTA2	COL1A2	9606.ENSP00000224784	9606.ENSP00000297268	0	0	0	0	0.222	0.101	0	0.756	0.814
ACTA2	GC	9606.ENSP00000224784	9606.ENSP00000421725	0	0	0	0	0	0.971	0	0.066	0.972
ACTB	APEX1	9606.ENSP00000494750	9606.ENSP00000216714	0	0	0	0	0.068	0	0	0.636	0.647
ACTB	CST4	9606.ENSP00000494750	9606.ENSP00000217423	0	0	0	0	0	0	0	0.420	0.420
ACTB	GSK3A	9606.ENSP00000494750	9606.ENSP00000222330	0	0	0	0	0.079	0.070	0	0.597	0.625
ACTB	ACTN4	9606.ENSP00000494750	9606.ENSP00000252699	0	0	0	0	0.124	0.249	0.900	0.621	0.971
ACTB	SYP	9606.ENSP00000494750	9606.ENSP00000263233	0	0	0	0	0	0	0	0.620	0.620
ACTB	BIRC3	9606.ENSP00000494750	9606.ENSP00000263464	0	0	0	0	0	0.061	0	0.450	0.462
ACTB	CPT1A	9606.ENSP00000494750	9606.ENSP00000265641	0	0	0	0	0	0	0	0.520	0.520
ACTB	BCL2A1	9606.ENSP00000494750	9606.ENSP00000267953	0	0	0	0	0	0	0	0.403	0.403
ACTB	ERBB2	9606.ENSP00000494750	9606.ENSP00000269571	0	0	0	0	0	0.292	0	0.908	0.932
ACTB	RHOC	9606.ENSP00000494750	9606.ENSP00000285735	0	0	0	0	0.336	0.070	0.500	0.389	0.786
ACTB	ITGA5	9606.ENSP00000494750	9606.ENSP00000293379	0	0	0	0	0.060	0	0.650	0.443	0.801
ACTB	ARPC5	9606.ENSP00000494750	9606.ENSP00000294742	0	0	0	0	0.202	0.281	0.900	0.272	0.952
ACTB	ALB	9606.ENSP00000494750	9606.ENSP00000295897	0	0	0	0	0	0	0	0.886	0.886
ACTB	COL1A2	9606.ENSP00000494750	9606.ENSP00000297268	0	0	0	0	0.060	0.101	0	0.492	0.533
ACTB	ALDH1A1	9606.ENSP00000494750	9606.ENSP00000297785	0	0	0	0	0.047	0.042	0	0.545	0.548
ACTB	AQP3	9606.ENSP00000494750	9606.ENSP00000297991	0	0	0	0	0.076	0.131	0	0.384	0.462
ACTB	TK2	9606.ENSP00000494750	9606.ENSP00000299697	0	0	0	0	0	0	0	0.432	0.432
ACTB	AQP1	9606.ENSP00000494750	9606.ENSP00000311165	0	0	0	0	0.076	0.126	0	0.388	0.462
ACTB	CDC25C	9606.ENSP00000494750	9606.ENSP00000321656	0	0	0	0	0	0.064	0	0.528	0.539
ACTB	COL10A1	9606.ENSP00000494750	9606.ENSP00000327368	0	0	0	0	0	0.101	0	0.364	0.404
ACTB	EEF1G	9606.ENSP00000494750	9606.ENSP00000331901	0	0	0	0	0.190	0.091	0	0.298	0.439
ACTB	SMAD3	9606.ENSP00000494750	9606.ENSP00000332973	0	0	0	0	0.067	0.294	0	0.665	0.760
ACTB	EIF5A	9606.ENSP00000494750	9606.ENSP00000336702	0	0	0	0	0.134	0.363	0	0.267	0.560
ACTB	MEF2C	9606.ENSP00000494750	9606.ENSP00000340874	0	0	0	0	0.057	0	0	0.402	0.412
ACTB	CLDN7	9606.ENSP00000494750	9606.ENSP00000353475	0	0	0	0	0.049	0.045	0	0.615	0.620
ACTB	CAPZA2	9606.ENSP00000494750	9606.ENSP00000354947	0	0	0	0	0.134	0.270	0	0.234	0.474
ACTB	EMD	9606.ENSP00000494750	9606.ENSP00000358857	0	0	0	0	0.058	0.307	0	0.317	0.516
ACTB	FLNA	9606.ENSP00000494750	9606.ENSP00000358866	0	0	0	0	0.144	0.205	0	0.661	0.750
ACTB	COL11A1	9606.ENSP00000494750	9606.ENSP00000359114	0	0	0	0	0	0.101	0	0.488	0.520
ACTB	BMPR2	9606.ENSP00000494750	9606.ENSP00000363708	0	0	0	0	0.073	0.070	0	0.372	0.412
ACTB	ANXA1	9606.ENSP00000494750	9606.ENSP00000366109	0	0	0	0	0.074	0.234	0	0.610	0.700
ACTB	EEF1B2	9606.ENSP00000494750	9606.ENSP00000376055	0	0	0	0	0.129	0.227	0	0.286	0.478
ACTB	GPT	9606.ENSP00000494750	9606.ENSP00000378408	0	0	0	0	0	0.045	0	0.680	0.682
ACTB	MATK	9606.ENSP00000494750	9606.ENSP00000378485	0	0	0	0	0.073	0.070	0	0.383	0.422
ACTB	AFP	9606.ENSP00000494750	9606.ENSP00000379138	0	0	0	0	0	0	0	0.490	0.490
ACTB	CASP4	9606.ENSP00000494750	9606.ENSP00000388566	0	0	0	0	0.062	0.094	0	0.383	0.430
ACTB	GC	9606.ENSP00000494750	9606.ENSP00000421725	0	0	0	0	0	0.410	0	0.222	0.522
ACTB	NEDD4	9606.ENSP00000494750	9606.ENSP00000424827	0	0	0	0	0	0.088	0	0.598	0.618
ACTB	EIF4E	9606.ENSP00000494750	9606.ENSP00000425561	0	0	0	0	0.083	0.058	0	0.590	0.615
ACTB	TJP2	9606.ENSP00000494750	9606.ENSP00000438262	0	0	0	0	0.050	0	0	0.521	0.526
ACTB	CD63	9606.ENSP00000494750	9606.ENSP00000447730	0	0	0	0	0.074	0	0	0.650	0.662
ACTB	DDIT3	9606.ENSP00000494750	9606.ENSP00000448665	0	0	0	0	0.068	0	0	0.582	0.593
ACTB	ACTG1	9606.ENSP00000494750	9606.ENSP00000458162	0	0	0.047	0.987	0.778	0.983	0.900	0.795	0.999
ACTB	BTK	9606.ENSP00000494750	9606.ENSP00000483570	0	0	0	0	0.080	0.070	0	0.404	0.446
ACTB	CTLA4	9606.ENSP00000494750	9606.ENSP00000497102	0	0	0	0	0	0	0	0.412	0.412
ACTB	ALDOB	9606.ENSP00000494750	9606.ENSP00000497767	0	0	0	0	0.074	0	0	0.514	0.530
ACTG1	ACTN4	9606.ENSP00000458162	9606.ENSP00000252699	0	0	0	0	0.127	0.125	0.900	0.665	0.970
ACTG1	RHOC	9606.ENSP00000458162	9606.ENSP00000285735	0	0	0	0	0.144	0.070	0.500	0.156	0.619
ACTG1	ITGA5	9606.ENSP00000458162	9606.ENSP00000293379	0	0	0	0	0.053	0	0.650	0.212	0.716
ACTG1	ARPC5	9606.ENSP00000458162	9606.ENSP00000294742	0	0	0	0	0.072	0.386	0.900	0.282	0.953
ACTG1	COL1A2	9606.ENSP00000458162	9606.ENSP00000297268	0	0	0	0	0.053	0.101	0	0.377	0.424
ACTG1	AMY2B	9606.ENSP00000458162	9606.ENSP00000354610	0	0	0	0	0	0.045	0	0.461	0.463
ACTG1	CAPZA2	9606.ENSP00000458162	9606.ENSP00000354947	0	0	0	0	0.100	0.301	0	0.343	0.551
ACTG1	FLNA	9606.ENSP00000458162	9606.ENSP00000358866	0	0	0	0	0.110	0.194	0	0.652	0.729
ACTG1	ANXA1	9606.ENSP00000458162	9606.ENSP00000366109	0	0	0	0	0.075	0.298	0	0.565	0.693
ACTG1	GC	9606.ENSP00000458162	9606.ENSP00000421725	0	0	0	0	0	0.289	0	0.201	0.407
ACTN3	CKM	9606.ENSP00000422007	9606.ENSP00000221476	0	0	0	0	0.408	0.051	0	0.306	0.576
ACTN3	ACTN4	9606.ENSP00000422007	9606.ENSP00000252699	0	0	0.053	0.975	0.044	0.475	0.400	0.083	0.691
ACTN4	ARPC5	9606.ENSP00000252699	9606.ENSP00000294742	0	0	0	0	0.055	0.422	0	0.153	0.497
ACTN4	CAPZA2	9606.ENSP00000252699	9606.ENSP00000354947	0	0	0	0	0.049	0.387	0	0.269	0.537
ACTN4	CKB	9606.ENSP00000252699	9606.ENSP00000299198	0	0	0	0	0.151	0.489	0	0.108	0.579
ACTN4	FLNA	9606.ENSP00000252699	9606.ENSP00000358866	0	0	0	0.588	0.304	0.210	0	0.322	0.595
ACTN4	ITGA5	9606.ENSP00000252699	9606.ENSP00000293379	0	0	0	0	0.126	0	0.900	0.183	0.922
ADAR	BST2	9606.ENSP00000357459	9606.ENSP00000252593	0	0	0	0	0.180	0	0	0.370	0.461
ADAR	FLNA	9606.ENSP00000357459	9606.ENSP00000358866	0	0	0	0	0.049	0	0	0.489	0.493
ADCY2	ADRA2C	9606.ENSP00000342952	9606.ENSP00000386069	0	0	0	0	0	0	0.500	0.167	0.565
ADCY2	ADCY3	9606.ENSP00000342952	9606.ENSP00000384484	0	0	0	0.828	0	0	0.500	0.185	0.575
ADCY2	CAMK2B	9606.ENSP00000342952	9606.ENSP00000379098	0	0	0	0	0.087	0.063	0.650	0.215	0.733
ADCY3	BBS4	9606.ENSP00000384484	9606.ENSP00000268057	0	0	0	0	0.045	0.046	0	0.430	0.436
ADCY3	ALDH18A1	9606.ENSP00000384484	9606.ENSP00000360268	0.170	0	0	0	0.042	0	0	0.726	0.763
ADCY3	CAMK2B	9606.ENSP00000384484	9606.ENSP00000379098	0	0	0	0	0	0.063	0.900	0.241	0.922
ADCY3	ADRA2C	9606.ENSP00000384484	9606.ENSP00000386069	0	0	0	0	0	0	0.500	0.106	0.534
ADCYAP1R1	AQP1	9606.ENSP00000483721	9606.ENSP00000311165	0	0	0	0	0.098	0	0	0.367	0.405
ADD2	ALDH18A1	9606.ENSP00000264436	9606.ENSP00000360268	0.278	0	0	0	0	0	0	0.267	0.448
ADD2	CAPZA2	9606.ENSP00000264436	9606.ENSP00000354947	0	0	0	0	0	0	0.540	0.368	0.696
ADH1C	GSTM5	9606.ENSP00000426083	9606.ENSP00000256593	0	0	0	0	0.092	0.070	0.650	0.219	0.738
ADH1C	ALDH1A1	9606.ENSP00000426083	9606.ENSP00000297785	0.048	0.001	0	0	0.205	0	0.706	0.687	0.921
ADH1C	ALDH1B1	9606.ENSP00000426083	9606.ENSP00000366927	0.048	0.001	0	0	0.107	0	0.706	0.604	0.888
ADH1C	ADH4	9606.ENSP00000426083	9606.ENSP00000424630	0	0	0.060	0.960	0.157	0	0.500	0.074	0.584
ADH1C	ALDH3B1	9606.ENSP00000426083	9606.ENSP00000473990	0.048	0	0	0	0.109	0	0.706	0.390	0.828
ADH4	GSTM5	9606.ENSP00000424630	9606.ENSP00000256593	0	0	0	0	0.067	0.070	0.650	0.076	0.681
ADH4	ALDH1A1	9606.ENSP00000424630	9606.ENSP00000297785	0.048	0	0	0	0.109	0	0.706	0.821	0.949
ADH4	ALDH1B1	9606.ENSP00000424630	9606.ENSP00000366927	0.048	0	0	0	0.124	0	0.706	0.539	0.872
ADH4	RDH16	9606.ENSP00000424630	9606.ENSP00000381206	0	0	0	0	0.119	0	0	0.351	0.404
ADH4	ETFDH	9606.ENSP00000424630	9606.ENSP00000426638	0	0	0	0	0.088	0	0	0.383	0.414
ADH4	ALDOB	9606.ENSP00000424630	9606.ENSP00000497767	0	0	0	0	0.264	0	0	0.307	0.469
ADH4	ALDH3B1	9606.ENSP00000424630	9606.ENSP00000473990	0.048	0	0	0	0.107	0	0.706	0.560	0.875
ADH5	DLD	9606.ENSP00000296412	9606.ENSP00000205402	0.045	0	0	0	0.180	0	0	0.313	0.415
ADH5	AOC2	9606.ENSP00000296412	9606.ENSP00000253799	0	0	0	0	0	0	0.215	0.395	0.505
ADH5	GSTM5	9606.ENSP00000296412	9606.ENSP00000256593	0	0	0	0	0.067	0.070	0.650	0.164	0.712
ADH5	C3AR1	9606.ENSP00000296412	9606.ENSP00000302079	0	0	0	0	0.058	0	0	0.423	0.433
ADH5	ALDH3B1	9606.ENSP00000296412	9606.ENSP00000473990	0.048	0	0	0	0.107	0	0.706	0.360	0.819
ADH5	ALDH1B1	9606.ENSP00000296412	9606.ENSP00000366927	0.048	0	0	0	0.114	0	0.706	0.539	0.870
ADH5	ALDH1A1	9606.ENSP00000296412	9606.ENSP00000297785	0.048	0.001	0	0	0.114	0	0.706	0.653	0.902
ADORA1	ADRB1	9606.ENSP00000356205	9606.ENSP00000358301	0	0	0	0.655	0.069	0.331	0	0.157	0.429
ADRA1B	ADRB1	9606.ENSP00000306662	9606.ENSP00000358301	0	0	0	0.769	0.070	0.045	0	0.429	0.449
ADRA1B	BTK	9606.ENSP00000306662	9606.ENSP00000483570	0	0	0	0	0.067	0	0.500	0	0.513
ADRA1B	ADRA2C	9606.ENSP00000306662	9606.ENSP00000386069	0	0	0	0.771	0.092	0.045	0	0.486	0.515
ADRA1B	GRK2	9606.ENSP00000306662	9606.ENSP00000312262	0	0	0	0	0	0.097	0.500	0.376	0.693
ADRB1	KCNMB1	9606.ENSP00000358301	9606.ENSP00000274629	0	0	0	0	0	0	0	0.543	0.543
ADRB1	GRK2	9606.ENSP00000358301	9606.ENSP00000312262	0	0	0	0	0.045	0.097	0	0.604	0.628
ADRB1	GRK4	9606.ENSP00000358301	9606.ENSP00000381129	0	0	0	0	0.053	0.097	0	0.459	0.498
AFP	SYP	9606.ENSP00000379138	9606.ENSP00000263233	0	0	0	0	0	0	0	0.594	0.594
AFP	ERBB2	9606.ENSP00000379138	9606.ENSP00000269571	0	0	0	0	0.042	0	0	0.475	0.475
AFP	ALB	9606.ENSP00000379138	9606.ENSP00000295897	0	0	0.079	0.912	0.521	0	0	0.848	0.927
AFP	LPA	9606.ENSP00000379138	9606.ENSP00000321334	0	0	0	0	0.584	0.052	0	0.132	0.628
AFP	CYP1A2	9606.ENSP00000379138	9606.ENSP00000342007	0	0	0	0	0.097	0	0	0.406	0.440
AFP	CD99	9606.ENSP00000379138	9606.ENSP00000370588	0	0	0	0	0	0	0	0.506	0.506
AFP	ALPP	9606.ENSP00000379138	9606.ENSP00000375881	0	0	0	0	0	0	0	0.697	0.697
AFP	GPT	9606.ENSP00000379138	9606.ENSP00000378408	0	0	0	0	0	0	0	0.894	0.894
AFP	GC	9606.ENSP00000379138	9606.ENSP00000421725	0	0	0.140	0.590	0.269	0	0	0.587	0.717
AGA	ALB	9606.ENSP00000264595	9606.ENSP00000295897	0	0	0	0	0	0.099	0	0.452	0.485
AGA	LPA	9606.ENSP00000264595	9606.ENSP00000321334	0	0	0	0	0	0.065	0	0.549	0.560
AK1	CD74	9606.ENSP00000223836	9606.ENSP00000009530	0.058	0	0	0	0.400	0	0	0.138	0.470
AK1	ATP5F1D	9606.ENSP00000223836	9606.ENSP00000215375	0.042	0	0	0	0.117	0	0.402	0.257	0.573
AK1	CKM	9606.ENSP00000223836	9606.ENSP00000221476	0	0	0	0	0.085	0.068	0	0.464	0.503
AK1	EIF5A	9606.ENSP00000223836	9606.ENSP00000336702	0.058	0	0	0	0.241	0	0	0.231	0.403
AK1	CTPS1	9606.ENSP00000223836	9606.ENSP00000497744	0.042	0	0	0	0.110	0	0.275	0.179	0.425
AK1	CARS1	9606.ENSP00000223836	9606.ENSP00000369897	0	0	0	0	0.091	0	0	0.421	0.451
AK1	ATP5MC1	9606.ENSP00000223836	9606.ENSP00000377033	0.053	0	0	0	0.244	0	0.229	0.150	0.469
AK1	CKB	9606.ENSP00000223836	9606.ENSP00000299198	0	0	0	0	0.079	0.068	0	0.446	0.484
AK1	APRT	9606.ENSP00000223836	9606.ENSP00000367615	0.084	0	0	0	0.142	0	0.934	0.430	0.966
ALB	APEX1	9606.ENSP00000295897	9606.ENSP00000216714	0	0	0	0	0.048	0	0	0.661	0.663
ALB	CST4	9606.ENSP00000295897	9606.ENSP00000217423	0	0	0	0	0	0	0	0.580	0.580
ALB	APLP1	9606.ENSP00000295897	9606.ENSP00000221891	0	0	0	0	0	0	0	0.461	0.461
ALB	DBP	9606.ENSP00000295897	9606.ENSP00000222122	0	0	0	0	0	0	0	0.597	0.597
ALB	CD33	9606.ENSP00000295897	9606.ENSP00000262262	0	0	0	0	0	0	0	0.419	0.418
ALB	SYP	9606.ENSP00000295897	9606.ENSP00000263233	0	0	0	0	0	0	0	0.587	0.587
ALB	NID1	9606.ENSP00000295897	9606.ENSP00000264187	0	0	0	0	0.085	0	0	0.587	0.606
ALB	ANXA3	9606.ENSP00000295897	9606.ENSP00000264908	0	0	0	0	0.055	0	0	0.395	0.404
ALB	CPT1A	9606.ENSP00000295897	9606.ENSP00000265641	0	0	0	0	0	0	0	0.405	0.405
ALB	ERBB2	9606.ENSP00000295897	9606.ENSP00000269571	0	0	0	0	0	0	0	0.670	0.670
ALB	ITGA5	9606.ENSP00000295897	9606.ENSP00000293379	0	0	0	0	0.055	0	0	0.408	0.417
ALB	ALPI	9606.ENSP00000295897	9606.ENSP00000295463	0	0	0	0	0	0	0	0.445	0.445
ALB	BGN	9606.ENSP00000295897	9606.ENSP00000327336	0	0	0	0	0.072	0	0	0.394	0.414
ALB	ALDH1A1	9606.ENSP00000295897	9606.ENSP00000297785	0	0	0	0	0.062	0.095	0	0.399	0.445
ALB	ALDOB	9606.ENSP00000295897	9606.ENSP00000497767	0	0	0	0	0.303	0	0	0.245	0.451
ALB	AQP1	9606.ENSP00000295897	9606.ENSP00000311165	0	0	0	0	0.057	0	0	0.445	0.454
ALB	DDIT3	9606.ENSP00000295897	9606.ENSP00000448665	0	0	0	0	0	0	0	0.460	0.460
ALB	ITGAD	9606.ENSP00000295897	9606.ENSP00000373854	0	0	0	0	0	0	0	0.461	0.461
ALB	COL1A2	9606.ENSP00000295897	9606.ENSP00000297268	0	0	0	0	0.066	0	0	0.450	0.464
ALB	APOC2	9606.ENSP00000295897	9606.ENSP00000466775	0	0	0	0	0.134	0	0	0.430	0.485
ALB	CIDEA	9606.ENSP00000295897	9606.ENSP00000320209	0	0	0	0	0	0.168	0	0.446	0.519
ALB	CTLA4	9606.ENSP00000295897	9606.ENSP00000497102	0	0	0	0	0	0	0	0.522	0.522
ALB	CLDN7	9606.ENSP00000295897	9606.ENSP00000353475	0	0	0	0	0	0	0	0.529	0.529
ALB	C4A	9606.ENSP00000295897	9606.ENSP00000396688	0	0	0	0	0.126	0.094	0	0.517	0.584
ALB	CA6	9606.ENSP00000295897	9606.ENSP00000366654	0	0	0	0	0	0	0	0.591	0.591
ALB	SMAD3	9606.ENSP00000295897	9606.ENSP00000332973	0	0	0	0	0	0	0	0.604	0.604
ALB	CYP1A2	9606.ENSP00000295897	9606.ENSP00000342007	0	0	0	0	0.108	0	0	0.593	0.622
ALB	ANXA1	9606.ENSP00000295897	9606.ENSP00000366109	0	0	0	0	0	0	0	0.638	0.638
ALB	CFB	9606.ENSP00000295897	9606.ENSP00000416561	0	0	0	0	0.121	0.051	0	0.608	0.644
ALB	NPPB	9606.ENSP00000295897	9606.ENSP00000365651	0	0	0	0	0.056	0	0	0.664	0.669
ALB	CA8	9606.ENSP00000295897	9606.ENSP00000314407	0	0	0	0	0.049	0.410	0	0.561	0.732
ALB	CD63	9606.ENSP00000295897	9606.ENSP00000447730	0	0	0	0	0	0	0	0.739	0.739
ALB	AMY2B	9606.ENSP00000295897	9606.ENSP00000354610	0	0	0	0	0.074	0	0	0.737	0.746
ALB	LPA	9606.ENSP00000295897	9606.ENSP00000321334	0	0	0	0	0.592	0.052	0	0.536	0.805
ALB	CSN2	9606.ENSP00000295897	9606.ENSP00000341030	0	0	0	0	0.049	0	0	0.896	0.896
ALB	GPT	9606.ENSP00000295897	9606.ENSP00000378408	0	0	0	0	0	0	0	0.928	0.928
ALB	GH1	9606.ENSP00000295897	9606.ENSP00000312673	0	0	0	0	0	0.900	0	0.390	0.936
ALB	GC	9606.ENSP00000295897	9606.ENSP00000421725	0	0	0.123	0.653	0.686	0	0	0.936	0.980
ALDH18A1	DLD	9606.ENSP00000360268	9606.ENSP00000205402	0.085	0	0	0	0.078	0	0	0.423	0.471
ALDH18A1	APEX1	9606.ENSP00000360268	9606.ENSP00000216714	0.268	0	0	0	0.123	0	0	0.362	0.554
ALDH18A1	ATIC	9606.ENSP00000360268	9606.ENSP00000236959	0.055	0	0	0	0.189	0	0	0.382	0.485
ALDH18A1	CAD	9606.ENSP00000360268	9606.ENSP00000264705	0.102	0	0	0	0.106	0	0.585	0.460	0.796
ALDH18A1	GPR26	9606.ENSP00000360268	9606.ENSP00000284674	0	0	0	0	0	0	0	0.732	0.732
ALDH18A1	ALDH1A1	9606.ENSP00000360268	9606.ENSP00000297785	0.055	0	0	0	0.060	0	0.287	0.497	0.639
ALDH18A1	AQP3	9606.ENSP00000360268	9606.ENSP00000297991	0	0	0	0	0.083	0.091	0	0.351	0.412
ALDH18A1	AQP1	9606.ENSP00000360268	9606.ENSP00000311165	0	0	0	0	0.087	0.093	0	0.351	0.415
ALDH18A1	WASHC5	9606.ENSP00000360268	9606.ENSP00000318016	0	0	0	0	0.047	0	0	0.733	0.734
ALDH18A1	AQP6	9606.ENSP00000360268	9606.ENSP00000320247	0	0	0	0	0.087	0.093	0	0.351	0.415
ALDH18A1	EIF5A	9606.ENSP00000360268	9606.ENSP00000336702	0.275	0	0	0	0.082	0	0	0.345	0.525
ALDH18A1	AMY2B	9606.ENSP00000360268	9606.ENSP00000354610	0.061	0	0	0	0.055	0	0	0.423	0.443
ALDH18A1	APRT	9606.ENSP00000360268	9606.ENSP00000367615	0.115	0	0	0	0.123	0	0	0.400	0.494
ALDH18A1	ALDH6A1	9606.ENSP00000360268	9606.ENSP00000450436	0	0	0	0	0.049	0	0	0.626	0.630
ALDH18A1	GPT	9606.ENSP00000360268	9606.ENSP00000378408	0.247	0	0	0	0.074	0	0	0.596	0.694
ALDH18A1	ALDH1B1	9606.ENSP00000360268	9606.ENSP00000366927	0.055	0	0	0	0.100	0	0.287	0.645	0.756
ALDH18A1	ALDH3B1	9606.ENSP00000360268	9606.ENSP00000473990	0.055	0	0	0	0.060	0	0.287	0.680	0.770
ALDH18A1	CTPS1	9606.ENSP00000360268	9606.ENSP00000497744	0	0	0	0	0.149	0.101	0.673	0.473	0.850
ALDH18A1	FDXR	9606.ENSP00000360268	9606.ENSP00000416515	0.215	0	0	0	0.049	0	0.792	0.363	0.887
ALDH1A1	ERBB2	9606.ENSP00000297785	9606.ENSP00000269571	0	0	0	0	0	0	0	0.611	0.611
ALDH1A1	ALDH3B1	9606.ENSP00000297785	9606.ENSP00000473990	0	0	0	0.646	0.080	0	0	0.375	0.400
ALDH1A1	RDH16	9606.ENSP00000297785	9606.ENSP00000381206	0	0	0	0	0.069	0	0.900	0.283	0.927
ALDH1A1	CYP1A2	9606.ENSP00000297785	9606.ENSP00000342007	0	0	0	0	0.067	0.045	0.910	0.251	0.931
ALDH1B1	AOC2	9606.ENSP00000366927	9606.ENSP00000253799	0	0	0	0	0.079	0.091	0.918	0.134	0.933
ALDH1B1	ALDH6A1	9606.ENSP00000366927	9606.ENSP00000450436	0	0	0.095	0.753	0.078	0.114	0.900	0.238	0.933
ALDH3B1	AOC2	9606.ENSP00000473990	9606.ENSP00000253799	0	0	0	0	0.079	0.071	0.918	0.096	0.928
ALDH3B1	GSTM5	9606.ENSP00000473990	9606.ENSP00000256593	0	0	0	0	0.055	0.053	0.650	0.059	0.666
ALDH6A1	DLD	9606.ENSP00000450436	9606.ENSP00000205402	0	0	0	0	0.265	0	0	0.234	0.413
ALDOB	BAAT	9606.ENSP00000497767	9606.ENSP00000259407	0	0	0	0	0.146	0	0	0.780	0.804
ALDOB	GC	9606.ENSP00000497767	9606.ENSP00000421725	0	0	0	0	0.373	0	0	0.084	0.401
ALOX12B	ALOX15B	9606.ENSP00000497784	9606.ENSP00000369530	0	0	0.068	0.945	0.058	0	0.900	0.092	0.909
ALOX12B	ALOX5AP	9606.ENSP00000497784	9606.ENSP00000479870	0	0	0	0	0.110	0	0	0.353	0.400
ALOX15B	ALOX5AP	9606.ENSP00000369530	9606.ENSP00000479870	0	0	0	0	0.135	0	0	0.491	0.541
ALOX5AP	C1QA	9606.ENSP00000479870	9606.ENSP00000363773	0	0	0	0	0.287	0	0	0.194	0.401
ALOX5AP	CD63	9606.ENSP00000479870	9606.ENSP00000447730	0	0	0	0	0.059	0	0	0.418	0.428
ALPG	CKM	9606.ENSP00000295453	9606.ENSP00000221476	0	0	0	0	0.059	0	0	0.398	0.409
ALPG	CNTN3	9606.ENSP00000295453	9606.ENSP00000263665	0	0	0	0	0	0	0.400	0	0.400
ALPG	CKB	9606.ENSP00000295453	9606.ENSP00000299198	0	0	0	0	0.062	0	0	0.401	0.414
ALPG	OPCML	9606.ENSP00000295453	9606.ENSP00000330862	0	0	0	0	0	0	0.400	0.065	0.415
ALPG	GPT	9606.ENSP00000295453	9606.ENSP00000378408	0	0	0	0	0.047	0	0	0.498	0.502
ALPG	ALPI	9606.ENSP00000295453	9606.ENSP00000295463	0	0	0.049	0.983	0.181	0.565	0.400	0.056	0.773
ALPG	ALPP	9606.ENSP00000295453	9606.ENSP00000375881	0	0	0.047	0.986	0.198	0.745	0	0.054	0.791
ALPI	CHRND	9606.ENSP00000295463	9606.ENSP00000258385	0	0	0	0	0.049	0	0	0.780	0.781
ALPI	CNTN3	9606.ENSP00000295463	9606.ENSP00000263665	0	0	0	0	0	0	0.400	0	0.400
ALPI	OPCML	9606.ENSP00000295463	9606.ENSP00000330862	0	0	0	0	0	0	0.400	0.065	0.415
ALPI	GPT	9606.ENSP00000295463	9606.ENSP00000378408	0	0	0	0	0.067	0	0	0.450	0.465
ALPI	ALPP	9606.ENSP00000295463	9606.ENSP00000375881	0	0	0.049	0.983	0.072	0.617	0	0.056	0.638
ALPP	CHRND	9606.ENSP00000375881	9606.ENSP00000258385	0	0	0	0	0.049	0	0	0.692	0.694
ALPP	SYP	9606.ENSP00000375881	9606.ENSP00000263233	0	0	0	0	0	0	0	0.448	0.448
ALPP	CD99	9606.ENSP00000375881	9606.ENSP00000370588	0	0	0	0	0	0	0	0.433	0.433
ALPP	GPT	9606.ENSP00000375881	9606.ENSP00000378408	0	0	0	0	0.043	0	0	0.432	0.433
AMY2B	CST4	9606.ENSP00000354610	9606.ENSP00000217423	0	0	0	0	0	0.050	0	0.640	0.643
AMY2B	GPT	9606.ENSP00000354610	9606.ENSP00000378408	0	0	0	0	0.053	0	0	0.537	0.543
ANXA1	CST4	9606.ENSP00000366109	9606.ENSP00000217423	0	0	0	0	0.056	0	0	0.514	0.521
ANXA1	COL1A2	9606.ENSP00000366109	9606.ENSP00000297268	0	0	0	0	0.137	0	0.400	0.226	0.564
ANXA1	GRK2	9606.ENSP00000366109	9606.ENSP00000312262	0	0	0	0	0	0	0.500	0	0.499
ANXA1	PTPRZ1	9606.ENSP00000366109	9606.ENSP00000377047	0	0	0	0	0.051	0	0	0.403	0.410
ANXA1	BTK	9606.ENSP00000366109	9606.ENSP00000483570	0	0	0	0	0	0	0.500	0.155	0.559
ANXA1	CD63	9606.ENSP00000366109	9606.ENSP00000447730	0	0	0	0	0.249	0	0	0.618	0.701
AP1B1	CD74	9606.ENSP00000350199	9606.ENSP00000009530	0	0	0	0	0.048	0.081	0.500	0.075	0.541
AP1B1	GAK	9606.ENSP00000350199	9606.ENSP00000314499	0	0	0	0	0.189	0.146	0.500	0.149	0.666
AP1B1	AP1S1	9606.ENSP00000350199	9606.ENSP00000336666	0	0	0	0	0.067	0.926	0.900	0.888	0.999
AP1B1	AP3S2	9606.ENSP00000350199	9606.ENSP00000338777	0	0	0	0	0.060	0	0.540	0.176	0.612
AP1B1	OCRL	9606.ENSP00000350199	9606.ENSP00000360154	0	0	0	0	0.065	0	0.500	0.087	0.536
AP1B1	SNX2	9606.ENSP00000350199	9606.ENSP00000368831	0	0	0	0	0.056	0	0.500	0.325	0.654
AP1B1	HLA-C	9606.ENSP00000350199	9606.ENSP00000365402	0	0	0	0	0.062	0	0.650	0	0.657
AP1B1	AP2A1	9606.ENSP00000350199	9606.ENSP00000351926	0	0	0	0.554	0.149	0.843	0.540	0.560	0.969
AP1B1	AP1G1	9606.ENSP00000350199	9606.ENSP00000377148	0	0	0	0.555	0.191	0.994	0.900	0.618	0.999
AP1G1	CD74	9606.ENSP00000377148	9606.ENSP00000009530	0	0	0	0	0	0	0.500	0	0.499
AP1G1	SYP	9606.ENSP00000377148	9606.ENSP00000263233	0	0	0	0	0	0.294	0	0.233	0.436
AP1G1	BBS4	9606.ENSP00000377148	9606.ENSP00000268057	0	0	0	0	0	0.071	0	0.719	0.727
AP1G1	GAK	9606.ENSP00000377148	9606.ENSP00000314499	0	0	0	0	0.067	0.416	0.500	0.329	0.792
AP1G1	BBS1	9606.ENSP00000377148	9606.ENSP00000317469	0	0	0	0	0.049	0	0	0.761	0.762
AP1G1	AP1S1	9606.ENSP00000377148	9606.ENSP00000336666	0	0	0	0	0.058	0.937	0.900	0.794	0.998
AP1G1	AP3S2	9606.ENSP00000377148	9606.ENSP00000338777	0	0	0	0	0.049	0.306	0.540	0.513	0.832
AP1G1	AP2A1	9606.ENSP00000377148	9606.ENSP00000351926	0	0	0	0.697	0.060	0	0.540	0.445	0.739
AP1G1	OCRL	9606.ENSP00000377148	9606.ENSP00000360154	0	0	0	0	0.056	0	0.500	0.087	0.531
AP1G1	HLA-C	9606.ENSP00000377148	9606.ENSP00000365402	0	0	0	0	0.042	0	0.650	0	0.650
AP1G1	SNX2	9606.ENSP00000377148	9606.ENSP00000368831	0	0	0	0	0.057	0	0.500	0.277	0.629
AP1S1	CD74	9606.ENSP00000336666	9606.ENSP00000009530	0	0	0	0	0.053	0	0.500	0.062	0.517
AP1S1	GAK	9606.ENSP00000336666	9606.ENSP00000314499	0	0	0	0	0.074	0	0.500	0.184	0.589
AP1S1	OCRL	9606.ENSP00000336666	9606.ENSP00000360154	0	0	0	0	0.074	0	0.500	0.149	0.571
AP1S1	SNX2	9606.ENSP00000336666	9606.ENSP00000368831	0	0	0	0	0.047	0	0.500	0.190	0.580
AP1S1	HLA-C	9606.ENSP00000336666	9606.ENSP00000365402	0	0	0	0	0	0	0.650	0	0.650
AP1S1	AP3S2	9606.ENSP00000336666	9606.ENSP00000338777	0	0	0	0.869	0	0	0.900	0.120	0.908
AP1S1	AP2A1	9606.ENSP00000336666	9606.ENSP00000351926	0	0	0	0	0.060	0.320	0.900	0.229	0.944
AP2A1	CD74	9606.ENSP00000351926	9606.ENSP00000009530	0	0	0	0	0	0	0.500	0	0.499
AP2A1	ARPC5	9606.ENSP00000351926	9606.ENSP00000294742	0	0	0	0	0.108	0	0	0.410	0.451
AP2A1	GAK	9606.ENSP00000351926	9606.ENSP00000314499	0	0	0	0	0.314	0.490	0	0.460	0.795
AP2A1	AP3S2	9606.ENSP00000351926	9606.ENSP00000338777	0	0	0	0	0.074	0.306	0.900	0.480	0.962
AP2A1	OCRL	9606.ENSP00000351926	9606.ENSP00000360154	0	0	0	0	0.049	0.421	0	0.543	0.726
AP3S2	GRB14	9606.ENSP00000338777	9606.ENSP00000263915	0	0	0	0	0	0	0	0.571	0.571
AP3S2	GAK	9606.ENSP00000338777	9606.ENSP00000314499	0	0	0	0	0.070	0.128	0	0.395	0.467
APBA2	APLP1	9606.ENSP00000453293	9606.ENSP00000221891	0	0	0	0	0.122	0.184	0	0.526	0.631
APBA2	FLNA	9606.ENSP00000453293	9606.ENSP00000358866	0	0	0	0	0.044	0	0	0.565	0.566
APEX1	CD74	9606.ENSP00000216714	9606.ENSP00000009530	0	0	0	0	0.085	0	0	0.422	0.449
APEX1	DNA2	9606.ENSP00000216714	9606.ENSP00000351185	0	0	0	0	0.144	0	0	0.434	0.495
APEX1	POLE	9606.ENSP00000216714	9606.ENSP00000322570	0	0	0	0	0.071	0.095	0.500	0.336	0.684
APLNR	C3AR1	9606.ENSP00000475344	9606.ENSP00000302079	0	0	0	0.631	0.054	0	0.500	0.096	0.535
APLNR	GRK2	9606.ENSP00000475344	9606.ENSP00000312262	0	0	0	0	0	0.361	0	0.515	0.677
APLNR	OPCML	9606.ENSP00000475344	9606.ENSP00000330862	0	0	0	0	0.138	0.091	0	0.390	0.480
APLNR	GJA4	9606.ENSP00000475344	9606.ENSP00000343676	0	0	0	0	0.418	0	0	0.401	0.636
APLP1	SYP	9606.ENSP00000221891	9606.ENSP00000263233	0	0	0	0	0.188	0	0	0.305	0.411
APLP1	CNTN3	9606.ENSP00000221891	9606.ENSP00000263665	0	0	0	0	0.117	0.559	0	0.105	0.622
APOC2	CKM	9606.ENSP00000466775	9606.ENSP00000221476	0	0	0	0	0.043	0	0	0.668	0.668
APOC2	LPA	9606.ENSP00000466775	9606.ENSP00000321334	0	0	0	0	0.164	0	0.720	0.571	0.890
APOC2	GPC4	9606.ENSP00000466775	9606.ENSP00000359864	0	0	0	0	0.049	0	0.500	0	0.504
APRT	ATP5F1D	9606.ENSP00000367615	9606.ENSP00000215375	0	0	0	0	0.398	0	0	0.205	0.501
APRT	ATIC	9606.ENSP00000367615	9606.ENSP00000236959	0.231	0	0	0	0.425	0.091	0.900	0.627	0.982
APRT	CAD	9606.ENSP00000367615	9606.ENSP00000264705	0.093	0	0	0	0.125	0	0	0.343	0.433
APRT	CDH15	9606.ENSP00000367615	9606.ENSP00000289746	0	0	0	0	0	0	0	0.493	0.493
APRT	TK2	9606.ENSP00000367615	9606.ENSP00000299697	0.057	0	0	0	0.110	0	0	0.411	0.463
APRT	CTPS1	9606.ENSP00000367615	9606.ENSP00000497744	0.107	0	0	0	0.329	0	0	0.497	0.672
AQP1	AQP3	9606.ENSP00000311165	9606.ENSP00000297991	0	0	0.188	0.640	0.049	0	0.500	0.417	0.745
AQP1	GK	9606.ENSP00000311165	9606.ENSP00000401720	0.046	0	0	0	0.300	0.049	0.187	0.100	0.450
AQP1	HIVEP2	9606.ENSP00000311165	9606.ENSP00000356576	0	0	0	0	0.061	0.089	0	0.494	0.530
AQP3	AQP6	9606.ENSP00000297991	9606.ENSP00000320247	0	0	0.212	0.609	0	0	0	0.537	0.620
AQP3	GK	9606.ENSP00000297991	9606.ENSP00000401720	0.046	0.028	0	0	0.300	0.049	0.187	0.720	0.829
AQP6	GK	9606.ENSP00000320247	9606.ENSP00000401720	0.046	0	0	0	0.300	0.049	0.187	0.162	0.488
ARF4	BBS1	9606.ENSP00000306010	9606.ENSP00000317469	0	0	0	0	0.055	0.251	0	0.319	0.476
ARF4	CAPZA2	9606.ENSP00000306010	9606.ENSP00000354947	0	0	0	0	0.076	0.088	0.500	0.068	0.555
ARHGAP5	RHOC	9606.ENSP00000371897	9606.ENSP00000285735	0	0	0	0	0	0.360	0.400	0.305	0.710
ARHGAP5	ITGA5	9606.ENSP00000371897	9606.ENSP00000293379	0	0	0	0	0.063	0.053	0	0.514	0.531
ARHGAP5	RND3	9606.ENSP00000371897	9606.ENSP00000364886	0	0	0	0	0.057	0.507	0.500	0.698	0.920
ARPC5	CD247	9606.ENSP00000294742	9606.ENSP00000354782	0	0	0	0	0.089	0	0.500	0	0.525
ARPC5	CAPZA2	9606.ENSP00000294742	9606.ENSP00000354947	0	0	0	0	0.354	0.194	0	0.344	0.629
ATIC	DLD	9606.ENSP00000236959	9606.ENSP00000205402	0.046	0	0	0	0.390	0	0	0.144	0.459
ATIC	ATP5F1D	9606.ENSP00000236959	9606.ENSP00000215375	0	0	0	0	0.151	0	0	0.336	0.412
ATIC	DPYS	9606.ENSP00000236959	9606.ENSP00000276651	0.069	0	0	0	0.087	0	0.184	0.447	0.565
ATIC	CTPS1	9606.ENSP00000236959	9606.ENSP00000497744	0.081	0	0	0	0.298	0	0	0.477	0.634
ATIC	CAD	9606.ENSP00000236959	9606.ENSP00000264705	0.094	0	0	0	0.323	0	0	0.487	0.658
ATIC	EEF1G	9606.ENSP00000236959	9606.ENSP00000331901	0	0	0	0	0.217	0	0.500	0.274	0.691
ATIC	CARS1	9606.ENSP00000236959	9606.ENSP00000369897	0.103	0	0	0	0.057	0.073	0.500	0.410	0.726
ATOH1	CDX1	9606.ENSP00000302216	9606.ENSP00000231656	0	0	0	0	0.189	0	0	0.370	0.467
ATP5F1D	CD74	9606.ENSP00000215375	9606.ENSP00000009530	0	0	0	0	0.300	0	0	0.268	0.466
ATP5F1D	DLD	9606.ENSP00000215375	9606.ENSP00000205402	0.057	0	0	0	0.320	0.097	0	0.157	0.447
ATP5F1D	EEF1B2	9606.ENSP00000215375	9606.ENSP00000376055	0	0	0	0	0.380	0	0	0.092	0.413
ATP5F1D	ETFDH	9606.ENSP00000215375	9606.ENSP00000426638	0	0	0	0	0.149	0	0	0.362	0.434
ATP5F1D	COX6C	9606.ENSP00000215375	9606.ENSP00000429707	0	0	0	0	0.700	0	0	0.399	0.812
ATP5F1D	NDUFB9	9606.ENSP00000215375	9606.ENSP00000276689	0	0	0	0	0.851	0.091	0	0.471	0.922
ATP5F1D	ATP5MC1	9606.ENSP00000215375	9606.ENSP00000377033	0.106	0	0	0	0.728	0.944	0.856	0.692	0.999
ATP5MC1	CD74	9606.ENSP00000377033	9606.ENSP00000009530	0.057	0	0	0	0.446	0	0	0.166	0.526
ATP5MC1	NDUFB9	9606.ENSP00000377033	9606.ENSP00000276689	0	0	0	0	0.454	0	0	0.458	0.691
ATP5MC1	TIMM8A	9606.ENSP00000377033	9606.ENSP00000361993	0	0	0	0	0.133	0	0.500	0.060	0.557
ATP5MC1	COX6C	9606.ENSP00000377033	9606.ENSP00000429707	0	0	0	0	0.640	0	0	0.367	0.763
BAAT	TJP2	9606.ENSP00000259407	9606.ENSP00000438262	0	0	0	0	0	0	0	0.844	0.844
BBS1	BBS4	9606.ENSP00000317469	9606.ENSP00000268057	0	0	0	0	0.089	0.987	0.900	0.999	0.999
BCL2A1	CD33	9606.ENSP00000267953	9606.ENSP00000262262	0	0	0	0	0.106	0.141	0	0.401	0.499
BCL2A1	BIRC3	9606.ENSP00000267953	9606.ENSP00000263464	0	0	0	0	0.164	0.051	0	0.621	0.673
BCL2A1	BTK	9606.ENSP00000267953	9606.ENSP00000483570	0	0	0	0	0.191	0	0	0.308	0.416
BCL2A1	CASP4	9606.ENSP00000267953	9606.ENSP00000388566	0	0	0	0	0.153	0.125	0	0.307	0.441
BCL2A1	TRAF1	9606.ENSP00000267953	9606.ENSP00000362994	0	0	0	0	0.149	0	0	0.540	0.592
BCR	RHOC	9606.ENSP00000303507	9606.ENSP00000285735	0	0	0	0	0.042	0.246	0.500	0.159	0.656
BCR	TJP2	9606.ENSP00000303507	9606.ENSP00000438262	0	0	0	0	0.049	0.236	0.400	0	0.525
BGN	NCAN	9606.ENSP00000327336	9606.ENSP00000252575	0	0	0	0	0	0.045	0.400	0.377	0.611
BGN	COL8A1	9606.ENSP00000327336	9606.ENSP00000261037	0	0	0	0	0.225	0.091	0	0.348	0.500
BGN	NID1	9606.ENSP00000327336	9606.ENSP00000264187	0	0	0	0	0.198	0.045	0	0.744	0.786
BGN	COL1A2	9606.ENSP00000327336	9606.ENSP00000297268	0	0	0	0	0.516	0.091	0	0.871	0.938
BGN	COL11A1	9606.ENSP00000327336	9606.ENSP00000359114	0	0	0	0	0.175	0.091	0	0.481	0.577
BGN	GPC4	9606.ENSP00000327336	9606.ENSP00000359864	0	0	0	0	0.067	0.051	0.500	0.273	0.635
BGN	COL10A1	9606.ENSP00000327336	9606.ENSP00000327368	0	0	0	0	0.152	0.091	0	0.636	0.695
BIRC3	BTK	9606.ENSP00000263464	9606.ENSP00000483570	0	0	0	0	0.080	0.092	0	0.425	0.478
BIRC3	CASP4	9606.ENSP00000263464	9606.ENSP00000388566	0	0	0	0	0.191	0.184	0	0.381	0.556
BIRC3	MAP3K7	9606.ENSP00000263464	9606.ENSP00000358335	0	0	0	0	0.073	0.746	0.650	0.382	0.942
BIRC3	CYLD	9606.ENSP00000263464	9606.ENSP00000392025	0	0	0	0	0.281	0	0.500	0.857	0.944
BIRC3	TRAF1	9606.ENSP00000263464	9606.ENSP00000362994	0	0	0	0	0.339	0.983	0.500	0.997	0.999
BMPR2	ITGA5	9606.ENSP00000363708	9606.ENSP00000293379	0	0	0	0	0.055	0.058	0	0.425	0.444
BMPR2	SMAD3	9606.ENSP00000363708	9606.ENSP00000332973	0	0	0	0	0.060	0.091	0.900	0.574	0.958
BMPR2	PRMT1	9606.ENSP00000363708	9606.ENSP00000406162	0	0	0	0	0.064	0.046	0	0.426	0.442
BNIP2	MEF2C	9606.ENSP00000267859	9606.ENSP00000340874	0	0	0	0	0.060	0	0.500	0.044	0.511
BNIP2	CDH15	9606.ENSP00000267859	9606.ENSP00000289746	0	0	0	0	0	0.133	0.500	0.101	0.576
BST2	TRAF1	9606.ENSP00000252593	9606.ENSP00000362994	0	0	0	0	0.091	0	0	0.442	0.472
BTK	CD33	9606.ENSP00000483570	9606.ENSP00000262262	0	0	0	0	0.268	0.102	0	0.260	0.471
BTK	F2RL2	9606.ENSP00000483570	9606.ENSP00000296641	0	0	0	0	0	0.084	0.500	0	0.522
BTK	GH1	9606.ENSP00000483570	9606.ENSP00000312673	0	0	0	0	0.059	0	0	0.400	0.411
BTK	CD247	9606.ENSP00000483570	9606.ENSP00000354782	0	0	0	0	0.163	0.148	0	0.321	0.474
BTK	TIMM8A	9606.ENSP00000483570	9606.ENSP00000361993	0	0.056	0	0	0.054	0	0	0.505	0.519
BTK	CHRM5	9606.ENSP00000483570	9606.ENSP00000372750	0	0	0	0	0	0	0.500	0	0.499
BTK	CTLA4	9606.ENSP00000483570	9606.ENSP00000497102	0	0	0	0	0.100	0	0	0.450	0.483
C1QA	CD74	9606.ENSP00000363773	9606.ENSP00000009530	0	0	0	0	0.374	0.123	0	0.490	0.696
C1QA	CD33	9606.ENSP00000363773	9606.ENSP00000262262	0	0	0	0	0.086	0.405	0	0.247	0.555
C1QA	C3AR1	9606.ENSP00000363773	9606.ENSP00000302079	0	0	0	0	0.370	0	0	0.753	0.837
C1QA	CASP4	9606.ENSP00000363773	9606.ENSP00000388566	0	0	0	0	0.108	0.071	0	0.432	0.489
C1QA	CFB	9606.ENSP00000363773	9606.ENSP00000416561	0	0	0	0	0.073	0.051	0	0.786	0.795
C1QA	C4A	9606.ENSP00000363773	9606.ENSP00000396688	0	0	0	0	0.171	0	0.900	0.822	0.983
C3AR1	CD74	9606.ENSP00000302079	9606.ENSP00000009530	0	0	0	0	0.140	0	0	0.498	0.549
C3AR1	CD33	9606.ENSP00000302079	9606.ENSP00000262262	0	0	0	0	0.136	0.098	0	0.498	0.574
C3AR1	CFB	9606.ENSP00000302079	9606.ENSP00000416561	0	0	0	0	0.056	0.052	0	0.528	0.541
C3AR1	C4A	9606.ENSP00000302079	9606.ENSP00000396688	0	0	0	0	0.067	0.069	0	0.987	0.987
C4A	HLA-C	9606.ENSP00000396688	9606.ENSP00000365402	0	0	0	0	0.080	0	0	0.554	0.572
C4A	GC	9606.ENSP00000396688	9606.ENSP00000421725	0	0	0	0	0.110	0.071	0	0.397	0.458
C4A	CFB	9606.ENSP00000396688	9606.ENSP00000416561	0	0	0	0	0.232	0.126	0.540	0.916	0.970
CA6	CST4	9606.ENSP00000366654	9606.ENSP00000217423	0	0	0	0	0	0	0	0.681	0.681
CACNB3	CAMK2B	9606.ENSP00000301050	9606.ENSP00000379098	0	0	0	0	0.099	0	0.650	0.051	0.674
CAD	FDXR	9606.ENSP00000264705	9606.ENSP00000416515	0.054	0	0	0	0.096	0	0.414	0.203	0.547
CAD	CRMP1	9606.ENSP00000264705	9606.ENSP00000321606	0.059	0	0	0	0.401	0.071	0.281	0.240	0.661
CAD	CTPS1	9606.ENSP00000264705	9606.ENSP00000497744	0.079	0	0	0	0.284	0.132	0	0.588	0.732
CAD	DPYS	9606.ENSP00000264705	9606.ENSP00000276651	0.059	0	0	0	0.401	0.071	0.281	0.487	0.772
CALU	NUCB2	9606.ENSP00000438248	9606.ENSP00000436455	0	0	0	0	0.086	0.467	0	0.232	0.594
CAMK2B	CDC25C	9606.ENSP00000379098	9606.ENSP00000321656	0	0	0	0	0	0	0.900	0.045	0.900
CAMK2B	OPCML	9606.ENSP00000379098	9606.ENSP00000330862	0	0	0	0	0.196	0	0	0.367	0.470
CAMK2B	FLNA	9606.ENSP00000379098	9606.ENSP00000358866	0	0	0	0	0	0	0.900	0.060	0.901
CAPN2	FLNA	9606.ENSP00000295006	9606.ENSP00000358866	0	0	0	0	0.093	0	0	0.372	0.407
CAPN2	CAST	9606.ENSP00000295006	9606.ENSP00000422176	0	0	0	0	0.254	0.871	0.900	0.993	0.999
CAPN6	CAST	9606.ENSP00000317214	9606.ENSP00000422176	0	0	0	0	0	0.418	0	0.520	0.709
CAPZA2	WASHC5	9606.ENSP00000354947	9606.ENSP00000318016	0	0	0	0	0.054	0.627	0	0.348	0.750
CAPZA2	FLNA	9606.ENSP00000354947	9606.ENSP00000358866	0	0	0	0	0.042	0.131	0	0.430	0.484
CARS1	EEF1G	9606.ENSP00000369897	9606.ENSP00000331901	0	0	0	0	0.155	0.837	0.500	0.246	0.941
CASP4	DDIT3	9606.ENSP00000388566	9606.ENSP00000448665	0	0	0	0	0.077	0	0	0.617	0.632
CAST	SYP	9606.ENSP00000422176	9606.ENSP00000263233	0	0	0	0	0	0	0	0.423	0.422
CBFB	ITGA5	9606.ENSP00000415151	9606.ENSP00000293379	0	0	0	0	0.042	0	0.750	0	0.750
CBFB	FLNA	9606.ENSP00000415151	9606.ENSP00000358866	0	0	0	0	0.049	0	0	0.882	0.882
CBFB	PRMT1	9606.ENSP00000415151	9606.ENSP00000406162	0	0	0	0	0.075	0	0.800	0.431	0.885
CBFB	CTLA4	9606.ENSP00000415151	9606.ENSP00000497102	0	0	0	0	0.048	0	0.750	0.182	0.788
CD247	CD33	9606.ENSP00000354782	9606.ENSP00000262262	0	0	0	0	0.109	0	0	0.718	0.738
CD247	ERBB2	9606.ENSP00000354782	9606.ENSP00000269571	0	0	0	0	0	0	0	0.690	0.690
CD247	TK2	9606.ENSP00000354782	9606.ENSP00000299697	0	0	0	0	0	0	0	0.400	0.400
CD247	HLA-C	9606.ENSP00000354782	9606.ENSP00000365402	0	0	0	0	0.074	0	0.500	0.370	0.682
CD247	CTLA4	9606.ENSP00000354782	9606.ENSP00000497102	0	0	0	0	0.260	0	0	0.622	0.708
CD33	CD74	9606.ENSP00000262262	9606.ENSP00000009530	0	0	0	0	0.122	0.055	0	0.364	0.426
CD33	IL1RL1	9606.ENSP00000262262	9606.ENSP00000233954	0	0	0	0	0.053	0	0	0.424	0.432
CD33	MEF2C	9606.ENSP00000262262	9606.ENSP00000340874	0	0	0	0	0.086	0	0	0.399	0.427
CD33	CD99	9606.ENSP00000262262	9606.ENSP00000370588	0	0	0	0	0.047	0	0	0.492	0.495
CD33	ERBB2	9606.ENSP00000262262	9606.ENSP00000269571	0	0	0	0	0	0	0	0.507	0.507
CD33	CTLA4	9606.ENSP00000262262	9606.ENSP00000497102	0	0	0	0	0.059	0	0	0.576	0.584
CD63	CD74	9606.ENSP00000447730	9606.ENSP00000009530	0	0	0	0	0.044	0	0	0.430	0.431
CD63	ERBB2	9606.ENSP00000447730	9606.ENSP00000269571	0	0	0	0	0	0	0	0.630	0.630
CD63	ITGA5	9606.ENSP00000447730	9606.ENSP00000293379	0	0	0	0	0.067	0.046	0	0.424	0.442
CD74	FKBP3	9606.ENSP00000009530	9606.ENSP00000216330	0	0	0	0	0.195	0.268	0	0.073	0.406
CD74	CTLA4	9606.ENSP00000009530	9606.ENSP00000497102	0	0	0	0	0.098	0	0	0.378	0.415
CD74	CDX1	9606.ENSP00000009530	9606.ENSP00000231656	0	0	0	0	0.069	0	0	0.430	0.447
CD74	EEF1G	9606.ENSP00000009530	9606.ENSP00000331901	0	0	0	0	0.375	0.101	0	0.137	0.473
CD74	EEF1B2	9606.ENSP00000009530	9606.ENSP00000376055	0	0	0	0	0.673	0.136	0	0.081	0.717
CD74	EIF5A	9606.ENSP00000009530	9606.ENSP00000336702	0	0	0	0	0.463	0.508	0	0.185	0.766
CD74	HLA-C	9606.ENSP00000009530	9606.ENSP00000365402	0	0	0	0	0.248	0	0.540	0.508	0.815
CD74	HMGN2	9606.ENSP00000009530	9606.ENSP00000355228	0.069	0	0	0	0.575	0.512	0	0.166	0.817
CD99	SYP	9606.ENSP00000370588	9606.ENSP00000263233	0	0	0	0	0	0	0	0.819	0.819
CDC25C	RHOC	9606.ENSP00000321656	9606.ENSP00000285735	0	0	0	0	0	0.045	0.500	0.066	0.515
CDH15	CDH9	9606.ENSP00000289746	9606.ENSP00000231021	0	0	0	0.768	0	0	0.540	0.464	0.742
CDH15	MEF2C	9606.ENSP00000289746	9606.ENSP00000340874	0	0	0	0	0	0	0.500	0.266	0.617
CDX1	KLF5	9606.ENSP00000231656	9606.ENSP00000366915	0	0	0	0	0.087	0.067	0	0.420	0.463
CFB	COL8A1	9606.ENSP00000416561	9606.ENSP00000261037	0	0	0	0	0.058	0.051	0	0.413	0.429
CFB	GRK2	9606.ENSP00000416561	9606.ENSP00000312262	0	0	0	0	0	0	0	0.402	0.402
CFB	GC	9606.ENSP00000416561	9606.ENSP00000421725	0	0	0	0	0.063	0	0	0.398	0.412
CHRM5	GRK2	9606.ENSP00000372750	9606.ENSP00000312262	0	0	0	0	0	0	0.500	0.079	0.519
CIDEA	CPT1A	9606.ENSP00000320209	9606.ENSP00000265641	0	0	0	0	0.089	0	0	0.447	0.474
CIRBP	RIOK3	9606.ENSP00000466025	9606.ENSP00000341874	0	0	0	0	0.063	0	0	0.463	0.475
CIRBP	PRMT1	9606.ENSP00000466025	9606.ENSP00000406162	0	0	0	0	0.085	0.683	0	0.264	0.768
CKB	CKM	9606.ENSP00000299198	9606.ENSP00000221476	0	0	0.050	0.981	0.043	0.847	0.967	0.416	0.996
CKB	RND3	9606.ENSP00000299198	9606.ENSP00000364886	0	0	0	0	0.055	0.164	0.500	0	0.570
CLDN7	ERBB2	9606.ENSP00000353475	9606.ENSP00000269571	0	0	0	0	0.115	0	0	0.375	0.424
CLDN7	TJP2	9606.ENSP00000353475	9606.ENSP00000438262	0	0	0	0	0.078	0.071	0	0.995	0.995
CNR2	GPR183	9606.ENSP00000363596	9606.ENSP00000365596	0	0	0	0	0.100	0	0.500	0.135	0.576
COL10A1	COL8A1	9606.ENSP00000327368	9606.ENSP00000261037	0	0	0.086	0.908	0.183	0	0.540	0.439	0.781
COL10A1	COL1A2	9606.ENSP00000327368	9606.ENSP00000297268	0	0	0.173	0.718	0.136	0	0.400	0.496	0.755
COL10A1	MEF2C	9606.ENSP00000327368	9606.ENSP00000340874	0	0	0	0	0.044	0	0	0.427	0.428
COL10A1	COL19A1	9606.ENSP00000327368	9606.ENSP00000480474	0	0	0.136	0.732	0	0	0.400	0.092	0.488
COL10A1	COL11A1	9606.ENSP00000327368	9606.ENSP00000359114	0	0	0.091	0.765	0.623	0	0.400	0.472	0.877
COL11A1	COL8A1	9606.ENSP00000359114	9606.ENSP00000261037	0	0	0.089	0.733	0.197	0	0.400	0.232	0.618
COL11A1	COL1A2	9606.ENSP00000359114	9606.ENSP00000297268	0	0	0.093	0.841	0.295	0.069	0.900	0.899	0.992
COL11A1	COL19A1	9606.ENSP00000359114	9606.ENSP00000480474	0	0	0.109	0.688	0	0	0.400	0.159	0.511
COL19A1	COL8A1	9606.ENSP00000480474	9606.ENSP00000261037	0	0	0.148	0.693	0	0	0.400	0.144	0.524
COL19A1	COL1A2	9606.ENSP00000480474	9606.ENSP00000297268	0	0	0.131	0.654	0	0	0.400	0.126	0.504
COL1A2	COL8A1	9606.ENSP00000297268	9606.ENSP00000261037	0	0	0.181	0.684	0.220	0	0.400	0.474	0.771
COL1A2	NID1	9606.ENSP00000297268	9606.ENSP00000264187	0	0	0	0	0.228	0.096	0	0.384	0.533
COL1A2	ITGA5	9606.ENSP00000297268	9606.ENSP00000293379	0	0	0	0	0.083	0	0.650	0.627	0.869
COL1A2	EIF4E	9606.ENSP00000297268	9606.ENSP00000425561	0	0	0	0	0	0.051	0	0.409	0.416
COL1A2	TK2	9606.ENSP00000297268	9606.ENSP00000299697	0	0	0	0	0	0.125	0	0.444	0.492
COL1A2	SMAD3	9606.ENSP00000297268	9606.ENSP00000332973	0	0	0	0	0	0.063	0.500	0.607	0.799
COL8A1	NID1	9606.ENSP00000261037	9606.ENSP00000264187	0	0	0	0	0.056	0.096	0	0.359	0.405
COX6C	NDUFB9	9606.ENSP00000429707	9606.ENSP00000276689	0	0	0	0	0.908	0.544	0	0.678	0.985
CPT1A	DECR1	9606.ENSP00000265641	9606.ENSP00000220764	0	0	0	0	0.087	0	0	0.408	0.437
CPT1A	ETFDH	9606.ENSP00000265641	9606.ENSP00000426638	0	0	0	0	0.048	0	0	0.418	0.422
CPT1A	GPT	9606.ENSP00000265641	9606.ENSP00000378408	0	0	0	0	0	0	0	0.448	0.448
CRMP1	FDXR	9606.ENSP00000321606	9606.ENSP00000416515	0.079	0	0	0	0.074	0	0.352	0.102	0.437
CRYBA2	FOXE3	9606.ENSP00000295728	9606.ENSP00000334472	0	0	0	0	0.044	0	0	0.469	0.471
CSNK1D	GRK2	9606.ENSP00000381531	9606.ENSP00000312262	0	0	0	0	0.056	0.118	0.900	0.091	0.914
CSNK1D	GAK	9606.ENSP00000381531	9606.ENSP00000314499	0	0	0	0	0.331	0	0	0.321	0.527
CSNK1D	SMAD3	9606.ENSP00000381531	9606.ENSP00000332973	0	0	0	0	0.058	0.424	0	0.148	0.497
CSNK1D	RIOK3	9606.ENSP00000381531	9606.ENSP00000341874	0	0	0	0	0.049	0.058	0.400	0.102	0.452
CSNK1D	ZNF618	9606.ENSP00000381531	9606.ENSP00000363241	0	0	0	0	0	0.668	0	0.064	0.675
CSNK1D	CSNK1E	9606.ENSP00000381531	9606.ENSP00000380044	0	0	0.050	0.981	0.082	0.831	0.900	0.421	0.989
CSNK1E	DBP	9606.ENSP00000380044	9606.ENSP00000222122	0	0	0	0	0.042	0.058	0	0.398	0.410
CSNK1E	ITGA5	9606.ENSP00000380044	9606.ENSP00000293379	0	0	0	0	0.072	0	0	0.400	0.419
CSNK1E	GRK2	9606.ENSP00000380044	9606.ENSP00000312262	0	0	0	0	0	0	0.900	0.156	0.911
CSNK1E	RIOK3	9606.ENSP00000380044	9606.ENSP00000341874	0	0	0	0	0	0.058	0.400	0.102	0.448
CSNK1E	ZNF618	9606.ENSP00000380044	9606.ENSP00000363241	0	0	0	0	0	0.671	0	0.064	0.678
CTLA4	ERBB2	9606.ENSP00000497102	9606.ENSP00000269571	0	0	0	0	0	0	0	0.693	0.693
CTLA4	TK2	9606.ENSP00000497102	9606.ENSP00000299697	0	0	0	0	0	0	0	0.400	0.400
CTLA4	POLE	9606.ENSP00000497102	9606.ENSP00000322570	0	0	0	0	0	0	0	0.446	0.446
CTLA4	SMAD3	9606.ENSP00000497102	9606.ENSP00000332973	0	0	0	0	0.057	0	0	0.592	0.599
CTLA4	TRAF1	9606.ENSP00000497102	9606.ENSP00000362994	0	0	0	0	0.141	0	0	0.406	0.468
CTLA4	HLA-C	9606.ENSP00000497102	9606.ENSP00000365402	0	0	0	0	0.062	0	0	0.506	0.516
CTLA4	GPT	9606.ENSP00000497102	9606.ENSP00000378408	0	0	0	0	0	0	0	0.447	0.447
CTLA4	GC	9606.ENSP00000497102	9606.ENSP00000421725	0	0	0	0	0	0	0	0.487	0.487
CTPS1	PRMT1	9606.ENSP00000497744	9606.ENSP00000406162	0	0	0	0	0.276	0.226	0	0.053	0.423
CTPS1	FDXR	9606.ENSP00000497744	9606.ENSP00000416515	0.101	0	0	0	0.047	0	0.449	0.052	0.492
CYLD	MAP3K7	9606.ENSP00000392025	9606.ENSP00000358335	0	0	0	0	0.056	0.645	0.400	0.515	0.889
CYLD	TRAF1	9606.ENSP00000392025	9606.ENSP00000362994	0	0	0	0	0.083	0.090	0	0.643	0.676
CYP1A2	GSTM5	9606.ENSP00000342007	9606.ENSP00000256593	0	0	0	0	0.074	0.045	0.900	0.172	0.917
CYP1A2	GPT	9606.ENSP00000342007	9606.ENSP00000378408	0	0	0	0	0.072	0.069	0	0.541	0.569
DBP	DDIT3	9606.ENSP00000222122	9606.ENSP00000448665	0	0	0	0	0.083	0.440	0	0	0.464
DECR1	ETFDH	9606.ENSP00000220764	9606.ENSP00000426638	0	0	0	0	0.148	0.106	0	0.400	0.504
DLD	FDXR	9606.ENSP00000205402	9606.ENSP00000416515	0.044	0	0	0	0.163	0	0.149	0.263	0.431
DLD	EEF1G	9606.ENSP00000205402	9606.ENSP00000331901	0	0	0	0	0.214	0.082	0.114	0.247	0.455
DLD	ETFDH	9606.ENSP00000205402	9606.ENSP00000426638	0	0	0	0	0.207	0	0	0.350	0.463
DLD	GPT	9606.ENSP00000205402	9606.ENSP00000378408	0	0	0	0	0.106	0.066	0.113	0.445	0.534
DNA2	NID1	9606.ENSP00000351185	9606.ENSP00000264187	0	0	0	0	0	0	0	0.417	0.417
DNA2	NDUFB9	9606.ENSP00000351185	9606.ENSP00000276689	0	0	0	0	0	0.797	0	0	0.797
DNA2	POLE	9606.ENSP00000351185	9606.ENSP00000322570	0	0	0	0	0.230	0.108	0.400	0.575	0.801
DPYS	FDXR	9606.ENSP00000276651	9606.ENSP00000416515	0.079	0	0	0	0.074	0	0.352	0.143	0.463
EBF1	FOXD1	9606.ENSP00000322898	9606.ENSP00000481581	0	0	0	0	0	0.051	0	0.449	0.454
EBF1	MEF2C	9606.ENSP00000322898	9606.ENSP00000340874	0	0	0	0	0.121	0	0	0.408	0.457
EBF1	KLF5	9606.ENSP00000322898	9606.ENSP00000366915	0	0	0	0	0	0.071	0.500	0.270	0.631
EEF1B2	EEF1G	9606.ENSP00000376055	9606.ENSP00000331901	0	0	0.237	0	0.976	0.999	0.800	0.999	0.999
EEF1B2	EIF5A	9606.ENSP00000376055	9606.ENSP00000336702	0	0	0	0	0.699	0.097	0	0.499	0.852
EEF1B2	HMGN2	9606.ENSP00000376055	9606.ENSP00000355228	0	0	0	0	0.591	0.102	0	0.166	0.667
EEF1B2	EIF4E	9606.ENSP00000376055	9606.ENSP00000425561	0	0	0	0	0.223	0	0	0.412	0.524
EEF1G	FKBP3	9606.ENSP00000331901	9606.ENSP00000216330	0	0	0	0	0.309	0.045	0	0.175	0.408
EEF1G	HMGN2	9606.ENSP00000331901	9606.ENSP00000355228	0.042	0	0	0	0.320	0	0	0.254	0.472
EEF1G	EIF5A	9606.ENSP00000331901	9606.ENSP00000336702	0	0	0	0	0.487	0	0	0.543	0.755
EIF4E	ERBB2	9606.ENSP00000425561	9606.ENSP00000269571	0	0	0	0	0	0	0	0.418	0.418
EIF4E	EN1	9606.ENSP00000425561	9606.ENSP00000295206	0	0	0	0	0	0	0	0.441	0.441
EIF4E	EIF5A	9606.ENSP00000425561	9606.ENSP00000336702	0	0	0	0	0.143	0.071	0	0.309	0.402
EIF5A	HMGN2	9606.ENSP00000336702	9606.ENSP00000355228	0.046	0	0	0	0.534	0.181	0	0.164	0.655
EMD	SUV39H1	9606.ENSP00000358857	9606.ENSP00000337976	0	0	0	0	0.127	0	0	0.493	0.538
EMD	TSNAX	9606.ENSP00000358857	9606.ENSP00000355599	0	0	0	0	0.049	0	0	0.428	0.432
EMD	FLNA	9606.ENSP00000358857	9606.ENSP00000358866	0	0	0	0	0.131	0	0	0.464	0.514
ERBB2	SYP	9606.ENSP00000269571	9606.ENSP00000263233	0	0	0	0	0	0	0	0.465	0.465
ERBB2	GRB14	9606.ENSP00000269571	9606.ENSP00000263915	0	0.018	0	0	0	0.217	0	0.524	0.611
ERBB2	OPCML	9606.ENSP00000269571	9606.ENSP00000330862	0	0	0	0	0	0.311	0	0.200	0.425
ERBB2	GPT	9606.ENSP00000269571	9606.ENSP00000378408	0	0	0	0	0	0	0	0.447	0.447
ERBB2	SMAD3	9606.ENSP00000269571	9606.ENSP00000332973	0	0	0	0	0.077	0	0	0.468	0.488
ERBB2	POLE	9606.ENSP00000269571	9606.ENSP00000322570	0	0	0	0	0	0	0	0.507	0.507
ERBB2	RHOC	9606.ENSP00000269571	9606.ENSP00000285735	0	0	0	0	0.088	0.096	0.500	0.404	0.721
ERBB2	MATK	9606.ENSP00000269571	9606.ENSP00000378485	0	0	0	0.688	0	0.646	0.500	0.470	0.898
ESRRG	MEF2C	9606.ENSP00000355904	9606.ENSP00000340874	0	0	0	0	0.042	0	0	0.418	0.419
ETFDH	NDUFB9	9606.ENSP00000426638	9606.ENSP00000276689	0	0	0	0	0.200	0	0	0.286	0.404
ETFDH	PPOX	9606.ENSP00000426638	9606.ENSP00000356978	0	0	0	0	0.214	0	0	0.415	0.521
F2RL2	GRK2	9606.ENSP00000296641	9606.ENSP00000312262	0	0	0	0	0	0	0.500	0.042	0.500
FLNA	ITGA5	9606.ENSP00000358866	9606.ENSP00000293379	0	0	0	0	0.219	0	0.650	0.291	0.789
FLNA	SMAD3	9606.ENSP00000358866	9606.ENSP00000332973	0	0	0	0	0.086	0.094	0	0.606	0.645
GAK	MEF2C	9606.ENSP00000314499	9606.ENSP00000340874	0	0	0	0	0	0.068	0	0.408	0.425
GAK	SNX2	9606.ENSP00000314499	9606.ENSP00000368831	0	0	0	0	0.088	0.067	0.500	0.103	0.567
GAK	OCRL	9606.ENSP00000314499	9606.ENSP00000360154	0	0	0	0	0.073	0	0.500	0.269	0.632
GC	LPA	9606.ENSP00000421725	9606.ENSP00000321334	0	0	0	0	0.403	0	0	0.184	0.492
GPC4	NCAN	9606.ENSP00000359864	9606.ENSP00000252575	0	0	0	0	0.057	0	0.500	0.182	0.580
GPC4	GPR183	9606.ENSP00000359864	9606.ENSP00000365596	0	0	0	0	0	0.463	0	0	0.463
GPR183	NEDD4	9606.ENSP00000365596	9606.ENSP00000424827	0	0	0	0	0	0	0	0.437	0.437
GPT	LPA	9606.ENSP00000378408	9606.ENSP00000321334	0	0	0	0	0.042	0	0	0.486	0.486
GPT	NPPB	9606.ENSP00000378408	9606.ENSP00000365651	0	0	0	0	0	0	0	0.670	0.670
GRB14	NEDD4	9606.ENSP00000263915	9606.ENSP00000424827	0	0	0	0	0.047	0.273	0	0.464	0.596
GSK3A	SMAD3	9606.ENSP00000222330	9606.ENSP00000332973	0	0	0	0	0.049	0.091	0	0.570	0.595
GSK3A	MAP3K7	9606.ENSP00000222330	9606.ENSP00000358335	0	0	0	0.581	0	0.746	0	0.130	0.769
HIVEP2	SMAD3	9606.ENSP00000356576	9606.ENSP00000332973	0	0	0	0	0.056	0.113	0	0.490	0.536
HIVEP2	KLF5	9606.ENSP00000356576	9606.ENSP00000366915	0	0	0.204	0	0.049	0.045	0	0.412	0.518
ITGA5	NID1	9606.ENSP00000293379	9606.ENSP00000264187	0	0	0	0	0.128	0	0	0.566	0.606
ITGA5	ITGAD	9606.ENSP00000293379	9606.ENSP00000373854	0	0	0	0.581	0.067	0	0.540	0.133	0.595
KLF5	SMAD3	9606.ENSP00000366915	9606.ENSP00000332973	0	0	0	0	0.067	0.314	0	0.366	0.559
LECT2	LPA	9606.ENSP00000274507	9606.ENSP00000321334	0	0	0	0	0.706	0	0	0	0.706
LPA	PLGLB1	9606.ENSP00000321334	9606.ENSP00000347933	0	0.164	0	0	0.204	0	0	0.295	0.490
MAP3K7	SMAD3	9606.ENSP00000358335	9606.ENSP00000332973	0	0	0	0	0.068	0.418	0	0.665	0.803
MAP3K7	TRAF1	9606.ENSP00000358335	9606.ENSP00000362994	0	0	0	0	0.099	0.090	0	0.333	0.405
MEF2C	SMAD3	9606.ENSP00000340874	9606.ENSP00000332973	0	0	0	0	0.048	0.046	0	0.689	0.693
NCAN	OPCML	9606.ENSP00000252575	9606.ENSP00000330862	0	0	0	0	0.258	0.087	0	0.198	0.409
NCAN	PTPRZ1	9606.ENSP00000252575	9606.ENSP00000377047	0	0	0	0	0.183	0	0	0.972	0.976
NDUFB9	TK2	9606.ENSP00000276689	9606.ENSP00000299697	0	0	0	0	0.140	0.455	0.270	0.090	0.646
NEDD4	SMAD3	9606.ENSP00000424827	9606.ENSP00000332973	0	0	0	0	0.047	0.694	0	0.672	0.896
OCRL	SNX2	9606.ENSP00000360154	9606.ENSP00000368831	0	0	0	0	0.049	0	0.500	0.202	0.587
PRMT1	SUV39H1	9606.ENSP00000406162	9606.ENSP00000337976	0	0	0	0	0.072	0.049	0	0.527	0.546
RHOC	TJP2	9606.ENSP00000285735	9606.ENSP00000438262	0	0	0	0	0.054	0.225	0.500	0.108	0.629
SMAD3	SUV39H1	9606.ENSP00000332973	9606.ENSP00000337976	0	0	0	0	0.104	0.292	0	0.207	0.453
SNX2	WASHC5	9606.ENSP00000368831	9606.ENSP00000318016	0	0	0	0	0.147	0.225	0	0.525	0.659
