"EdgeBetweenness","interaction","name","selected","shared interaction","shared name","stringdb::coexpression","stringdb::cooccurrence","stringdb::databases","stringdb::experiments","stringdb::fusion","stringdb::interspecies","stringdb::neighborhood","stringdb::score","stringdb::textmining"
"532.4969696969695","pp","9606.ENSP00000444029 (pp) 9606.ENSP00000446215","false","pp","9606.ENSP00000444029 (pp) 9606.ENSP00000446215","0.068","0.0","0.5","0.985","0.0",,"0.0","0.996","0.447"
"197.39999999999998","pp","9606.ENSP00000355465 (pp) 9606.ENSP00000444029","false","pp","9606.ENSP00000355465 (pp) 9606.ENSP00000444029","0.272","0.0","0.0","0.0","0.0",,"0.0","0.977","0.97"
"147.40407370407368","pp","9606.ENSP00000406549 (pp) 9606.ENSP00000481733","false","pp","9606.ENSP00000406549 (pp) 9606.ENSP00000481733","0.049","0.0","0.0","0.8","0.0",,"0.0","0.825","0.157"
"1502.043406593407","pp","9606.ENSP00000406549 (pp) 9606.ENSP00000473172","false","pp","9606.ENSP00000406549 (pp) 9606.ENSP00000473172","0.0","0.0","0.9","0.137","0.0",,"0.0","0.921","0.16"
"1790.0839160839175","pp","9606.ENSP00000406549 (pp) 9606.ENSP00000481920","false","pp","9606.ENSP00000406549 (pp) 9606.ENSP00000481920","0.049","0.0","0.0","0.8","0.0",,"0.0","0.846","0.258"
"408.0","pp","9606.ENSP00000297431 (pp) 9606.ENSP00000328174","false","pp","9606.ENSP00000297431 (pp) 9606.ENSP00000328174","0.044","0.0","0.0","0.84","0.0",,"0.0","0.915","0.492"
"408.0","pp","9606.ENSP00000292616 (pp) 9606.ENSP00000297431","false","pp","9606.ENSP00000292616 (pp) 9606.ENSP00000297431","0.091","0.0","0.9","0.835","0.0",,"0.0","0.994","0.682"
"408.0","pp","9606.ENSP00000296257 (pp) 9606.ENSP00000444029","false","pp","9606.ENSP00000296257 (pp) 9606.ENSP00000444029","0.138","0.0","0.9","0.667","0.0",,"0.0","0.981","0.416"
"1212.0","pp","9606.ENSP00000297431 (pp) 9606.ENSP00000393139","false","pp","9606.ENSP00000297431 (pp) 9606.ENSP00000393139","0.265","0.0","0.5","0.689","0.0",,"0.0","0.967","0.751"
"3152.0","pp","9606.ENSP00000297261 (pp) 9606.ENSP00000377934","false","pp","9606.ENSP00000297261 (pp) 9606.ENSP00000377934","0.055","0.0","0.0","0.071","0.0",,"0.0","0.761","0.75"
"574.0","pp","9606.ENSP00000353874 (pp) 9606.ENSP00000380697","false","pp","9606.ENSP00000353874 (pp) 9606.ENSP00000380697","0.072","0.0","0.5","0.0","0.0",,"0.0","0.969","0.939"
"2388.0","pp","9606.ENSP00000297261 (pp) 9606.ENSP00000400341","false","pp","9606.ENSP00000297261 (pp) 9606.ENSP00000400341","0.075","0.0","0.75","0.0","0.0",,"0.0","0.956","0.825"
"408.0","pp","9606.ENSP00000297261 (pp) 9606.ENSP00000376322","false","pp","9606.ENSP00000297261 (pp) 9606.ENSP00000376322","0.048","0.0","0.0","0.0","0.0",,"0.0","0.87","0.869"
"265.0","pp","9606.ENSP00000327290 (pp) 9606.ENSP00000378340","false","pp","9606.ENSP00000327290 (pp) 9606.ENSP00000378340","0.042","0.0","0.65","0.0","0.0",,"0.0","0.76","0.344"
"408.0","pp","9606.ENSP00000400341 (pp) 9606.ENSP00000438804","false","pp","9606.ENSP00000400341 (pp) 9606.ENSP00000438804","0.103","0.0","0.0","0.0","0.0",,"0.0","0.899","0.893"
"408.0","pp","9606.ENSP00000299563 (pp) 9606.ENSP00000483236","false","pp","9606.ENSP00000299563 (pp) 9606.ENSP00000483236","0.082","0.0","0.0","0.625","0.0",,"0.0","0.797","0.458"
"336.0","pp","9606.ENSP00000327290 (pp) 9606.ENSP00000379350","false","pp","9606.ENSP00000327290 (pp) 9606.ENSP00000379350","0.098","0.0","0.9","0.114","0.0",,"0.0","0.981","0.796"
"726.0505734032056","pp","9606.ENSP00000300134 (pp) 9606.ENSP00000385216","false","pp","9606.ENSP00000300134 (pp) 9606.ENSP00000385216","0.061","0.0","0.0","0.983","0.0",,"0.0","0.997","0.872"
"809.6225791752114","pp","9606.ENSP00000300134 (pp) 9606.ENSP00000376765","false","pp","9606.ENSP00000300134 (pp) 9606.ENSP00000376765","0.056","0.0","0.65","0.125","0.0",,"0.0","0.769","0.295"
"238.59099511599527","pp","9606.ENSP00000301396 (pp) 9606.ENSP00000406549","false","pp","9606.ENSP00000301396 (pp) 9606.ENSP00000406549","0.06","0.0","0.9","0.092","0.0",,"0.0","0.909","0.068"
"1884.2853750537945","pp","9606.ENSP00000385216 (pp) 9606.ENSP00000406162","false","pp","9606.ENSP00000385216 (pp) 9606.ENSP00000406162","0.0","0.0","0.5","0.295","0.0",,"0.0","0.893","0.723"
"2.0","pp","9606.ENSP00000301396 (pp) 9606.ENSP00000363944","false","pp","9606.ENSP00000301396 (pp) 9606.ENSP00000363944","0.095","0.0","0.9","0.88","0.0",,"0.0","0.998","0.884"
"167.40900488400482","pp","9606.ENSP00000301396 (pp) 9606.ENSP00000473172","false","pp","9606.ENSP00000301396 (pp) 9606.ENSP00000473172","0.248","0.0","0.9","0.05","0.0",,"0.0","0.922","0.042"
"238.59099511599527","pp","9606.ENSP00000363944 (pp) 9606.ENSP00000406549","false","pp","9606.ENSP00000363944 (pp) 9606.ENSP00000406549","0.109","0.0","0.9","0.095","0.0",,"0.0","0.928","0.217"
"167.40900488400482","pp","9606.ENSP00000363944 (pp) 9606.ENSP00000473172","false","pp","9606.ENSP00000363944 (pp) 9606.ENSP00000473172","0.102","0.0","0.9","0.0","0.0",,"0.0","0.906","0.0"
"96.0","pp","9606.ENSP00000331358 (pp) 9606.ENSP00000366506","false","pp","9606.ENSP00000331358 (pp) 9606.ENSP00000366506","0.069","0.0","0.0","0.134","0.0",,"0.0","0.765","0.731"
"96.0","pp","9606.ENSP00000302413 (pp) 9606.ENSP00000331358","false","pp","9606.ENSP00000302413 (pp) 9606.ENSP00000331358","0.0","0.0","0.0","0.9","0.0",,"0.0","0.909","0.134"
"440.0","pp","9606.ENSP00000331358 (pp) 9606.ENSP00000466009","false","pp","9606.ENSP00000331358 (pp) 9606.ENSP00000466009","0.14","0.0","0.0","0.0","0.0",,"0.0","0.951","0.946"
"188.0","pp","9606.ENSP00000331358 (pp) 9606.ENSP00000433208","false","pp","9606.ENSP00000331358 (pp) 9606.ENSP00000433208","0.0","0.0","0.0","0.0","0.0",,"0.0","0.82","0.82"
"3937.4211337921843","pp","9606.ENSP00000324806 (pp) 9606.ENSP00000339527","false","pp","9606.ENSP00000324806 (pp) 9606.ENSP00000339527","0.304","0.0","0.0","0.094","0.0",,"0.0","0.762","0.653"
"408.0","pp","9606.ENSP00000302625 (pp) 9606.ENSP00000324806","false","pp","9606.ENSP00000302625 (pp) 9606.ENSP00000324806","0.06","0.0","0.9","0.921","0.0",,"0.0","0.999","0.996"
"408.0","pp","9606.ENSP00000324806 (pp) 9606.ENSP00000360672","false","pp","9606.ENSP00000324806 (pp) 9606.ENSP00000360672","0.0","0.0","0.9","0.129","0.0",,"0.0","0.915","0.106"
"3528.0","pp","9606.ENSP00000324806 (pp) 9606.ENSP00000377934","false","pp","9606.ENSP00000324806 (pp) 9606.ENSP00000377934","0.0","0.0","0.0","0.105","0.0",,"0.0","0.769","0.752"
"812.0","pp","9606.ENSP00000324806 (pp) 9606.ENSP00000362082","false","pp","9606.ENSP00000324806 (pp) 9606.ENSP00000362082","0.0","0.0","0.9","0.0","0.0",,"0.0","0.935","0.384"
"808.0","pp","9606.ENSP00000324806 (pp) 9606.ENSP00000408979","false","pp","9606.ENSP00000324806 (pp) 9606.ENSP00000408979","0.059","0.0","0.9","0.094","0.0",,"0.0","0.917","0.147"
"4048.811609982661","pp","9606.ENSP00000324806 (pp) 9606.ENSP00000381531","false","pp","9606.ENSP00000324806 (pp) 9606.ENSP00000381531","0.083","0.0","0.9","0.086","0.0",,"0.0","0.955","0.53"
"404.0","pp","9606.ENSP00000324806 (pp) 9606.ENSP00000399403","false","pp","9606.ENSP00000324806 (pp) 9606.ENSP00000399403","0.047","0.0","0.9","0.1","0.0",,"0.0","0.935","0.337"
"408.0","pp","9606.ENSP00000307684 (pp) 9606.ENSP00000423333","false","pp","9606.ENSP00000307684 (pp) 9606.ENSP00000423333","0.0","0.0","0.0","0.784","0.0",,"0.0","0.856","0.362"
"1212.0","pp","9606.ENSP00000307684 (pp) 9606.ENSP00000384018","false","pp","9606.ENSP00000307684 (pp) 9606.ENSP00000384018","0.06","0.0","0.0","0.755","0.0",,"0.0","0.81","0.244"
"408.0","pp","9606.ENSP00000384018 (pp) 9606.ENSP00000415822","false","pp","9606.ENSP00000384018 (pp) 9606.ENSP00000415822","0.067","0.0","0.0","0.512","0.0",,"0.0","0.775","0.545"
"408.0","pp","9606.ENSP00000307684 (pp) 9606.ENSP00000356848","false","pp","9606.ENSP00000307684 (pp) 9606.ENSP00000356848","0.0","0.0","0.9","0.956","0.0",,"0.0","0.998","0.587"
"1435.6197222855114","pp","9606.ENSP00000384018 (pp) 9606.ENSP00000385216","false","pp","9606.ENSP00000384018 (pp) 9606.ENSP00000385216","0.06","0.0","0.5","0.046","0.0",,"0.0","0.884","0.773"
"1263.0033733323212","pp","9606.ENSP00000384018 (pp) 9606.ENSP00000483236","false","pp","9606.ENSP00000384018 (pp) 9606.ENSP00000483236","0.093","0.0","0.0","0.0","0.0",,"0.0","0.798","0.787"
"1093.0483931960705","pp","9606.ENSP00000354681 (pp) 9606.ENSP00000441875","false","pp","9606.ENSP00000354681 (pp) 9606.ENSP00000441875","0.064","0.0","0.0","0.19","0.0",,"0.0","0.905","0.885"
"4630.763876243574","pp","9606.ENSP00000354681 (pp) 9606.ENSP00000372191","false","pp","9606.ENSP00000354681 (pp) 9606.ENSP00000372191","0.063","0.0","0.0","0.314","0.0",,"0.0","0.763","0.66"
"1968.4331346041886","pp","9606.ENSP00000441875 (pp) 9606.ENSP00000483236","false","pp","9606.ENSP00000441875 (pp) 9606.ENSP00000483236","0.044","0.0","0.0","0.0","0.0",,"0.0","0.758","0.757"
"354.17751921281325","pp","9606.ENSP00000354681 (pp) 9606.ENSP00000416338","false","pp","9606.ENSP00000354681 (pp) 9606.ENSP00000416338","0.266","0.0","0.0","0.127","0.0",,"0.0","0.936","0.908"
"4482.930611603757","pp","9606.ENSP00000355759 (pp) 9606.ENSP00000481920","false","pp","9606.ENSP00000355759 (pp) 9606.ENSP00000481920","0.048","0.0","0.0","0.51","0.0",,"0.0","0.806","0.619"
"1212.0","pp","9606.ENSP00000355759 (pp) 9606.ENSP00000498881","false","pp","9606.ENSP00000355759 (pp) 9606.ENSP00000498881","0.055","0.0","0.5","0.0","0.0",,"0.0","0.768","0.55"
"14.0","pp","9606.ENSP00000312082 (pp) 9606.ENSP00000380697","false","pp","9606.ENSP00000312082 (pp) 9606.ENSP00000380697","0.103","0.0","0.0","0.0","0.0",,"0.0","0.827","0.815"
"96.0","pp","9606.ENSP00000308208 (pp) 9606.ENSP00000348215","false","pp","9606.ENSP00000308208 (pp) 9606.ENSP00000348215","0.099","0.0","0.0","0.0","0.0",,"0.0","0.758","0.743"
"96.0","pp","9606.ENSP00000380697 (pp) 9606.ENSP00000411940","false","pp","9606.ENSP00000380697 (pp) 9606.ENSP00000411940","0.0","0.0","0.65","0.0","0.0",,"0.0","0.927","0.8"
"82.0","pp","9606.ENSP00000312082 (pp) 9606.ENSP00000353874","false","pp","9606.ENSP00000312082 (pp) 9606.ENSP00000353874","0.086","0.0","0.4","0.292","0.0",,"0.0","0.869","0.703"
"6.0","pp","9606.ENSP00000312244 (pp) 9606.ENSP00000397552","false","pp","9606.ENSP00000312244 (pp) 9606.ENSP00000397552","0.132","0.0","0.9","0.212","0.0",,"0.0","0.931","0.12"
"402.0","pp","9606.ENSP00000312244 (pp) 9606.ENSP00000473172","false","pp","9606.ENSP00000312244 (pp) 9606.ENSP00000473172","0.136","0.0","0.9","0.071","0.0",,"0.0","0.927","0.204"
"800.0","pp","9606.ENSP00000397552 (pp) 9606.ENSP00000473172","false","pp","9606.ENSP00000397552 (pp) 9606.ENSP00000473172","0.412","0.0","0.9","0.917","0.0",,"0.0","0.999","0.987"
"5.0","pp","9606.ENSP00000397552 (pp) 9606.ENSP00000463154","false","pp","9606.ENSP00000397552 (pp) 9606.ENSP00000463154","0.148","0.0","0.9","0.292","0.0",,"0.0","0.937","0.087"
"1046.1391736918056","pp","9606.ENSP00000313829 (pp) 9606.ENSP00000451291","false","pp","9606.ENSP00000313829 (pp) 9606.ENSP00000451291","0.527","0.0","0.0","0.63","0.0",,"0.0","0.948","0.727"
"296.41926027189186","pp","9606.ENSP00000313829 (pp) 9606.ENSP00000359645","false","pp","9606.ENSP00000313829 (pp) 9606.ENSP00000359645","0.401","0.0","0.0","0.544","0.0",,"0.0","0.935","0.782"
"1101.9059239006606","pp","9606.ENSP00000313829 (pp) 9606.ENSP00000356520","false","pp","9606.ENSP00000313829 (pp) 9606.ENSP00000356520","0.43","0.0","0.0","0.785","0.0",,"0.0","0.956","0.67"
"2350.2263993316633","pp","9606.ENSP00000313829 (pp) 9606.ENSP00000406162","false","pp","9606.ENSP00000313829 (pp) 9606.ENSP00000406162","0.137","0.0","0.0","0.787","0.0",,"0.0","0.955","0.775"
"2.0","pp","9606.ENSP00000314004 (pp) 9606.ENSP00000358474","false","pp","9606.ENSP00000314004 (pp) 9606.ENSP00000358474","0.047","0.0","0.9","0.0","0.0",,"0.0","0.902","0.06"
"406.0","pp","9606.ENSP00000314004 (pp) 9606.ENSP00000437659","false","pp","9606.ENSP00000314004 (pp) 9606.ENSP00000437659","0.0","0.0","0.9","0.0","0.0",,"0.0","0.9","0.0"
"112.39999999999993","pp","9606.ENSP00000314030 (pp) 9606.ENSP00000364802","false","pp","9606.ENSP00000314030 (pp) 9606.ENSP00000364802","0.243","0.391","0.563","0.274","0.0",,"0.041","0.881","0.314"
"406.0","pp","9606.ENSP00000358474 (pp) 9606.ENSP00000437659","false","pp","9606.ENSP00000358474 (pp) 9606.ENSP00000437659","0.055","0.0","0.9","0.0","0.0",,"0.0","0.901","0.0"
"299.5999999999999","pp","9606.ENSP00000314030 (pp) 9606.ENSP00000378199","false","pp","9606.ENSP00000314030 (pp) 9606.ENSP00000378199","0.242","0.398","0.563","0.556","0.0",,"0.041","0.919","0.233"
"100.87229437229439","pp","9606.ENSP00000315379 (pp) 9606.ENSP00000472998","false","pp","9606.ENSP00000315379 (pp) 9606.ENSP00000472998","0.112","0.0","0.0","0.866","0.0",,"0.0","0.953","0.641"
"324.0871060312236","pp","9606.ENSP00000315379 (pp) 9606.ENSP00000358616","false","pp","9606.ENSP00000315379 (pp) 9606.ENSP00000358616","0.06","0.0","0.0","0.739","0.0",,"0.0","0.832","0.369"
"297.8131992190815","pp","9606.ENSP00000315379 (pp) 9606.ENSP00000396301","false","pp","9606.ENSP00000315379 (pp) 9606.ENSP00000396301","0.35","0.0","0.9","0.8","0.0",,"0.0","0.985","0.0"
"361.40161243984755","pp","9606.ENSP00000315379 (pp) 9606.ENSP00000365625","false","pp","9606.ENSP00000315379 (pp) 9606.ENSP00000365625","0.188","0.0","0.9","0.303","0.0",,"0.0","0.973","0.589"
"2.0","pp","9606.ENSP00000316786 (pp) 9606.ENSP00000480443","false","pp","9606.ENSP00000316786 (pp) 9606.ENSP00000480443","0.055","0.0","0.9","0.0","0.0",,"0.0","0.927","0.293"
"124.22461558049798","pp","9606.ENSP00000358616 (pp) 9606.ENSP00000418563","false","pp","9606.ENSP00000358616 (pp) 9606.ENSP00000418563","0.079","0.0","0.8","0.228","0.0",,"0.0","0.845","0.0"
"2.0","pp","9606.ENSP00000317714 (pp) 9606.ENSP00000359025","false","pp","9606.ENSP00000317714 (pp) 9606.ENSP00000359025","0.667","0.0","0.9","0.906","0.0",,"0.0","0.999","0.999"
"10.0","pp","9606.ENSP00000316786 (pp) 9606.ENSP00000358421","false","pp","9606.ENSP00000316786 (pp) 9606.ENSP00000358421","0.046","0.0","0.9","0.0","0.0",,"0.0","0.959","0.607"
"16.0","pp","9606.ENSP00000359025 (pp) 9606.ENSP00000418572","false","pp","9606.ENSP00000359025 (pp) 9606.ENSP00000418572","0.055","0.0","0.4","0.589","0.0",,"0.0","0.97","0.889"
"16.0","pp","9606.ENSP00000317714 (pp) 9606.ENSP00000418572","false","pp","9606.ENSP00000317714 (pp) 9606.ENSP00000418572","0.055","0.0","0.9","0.906","0.0",,"0.0","0.999","0.999"
"408.0","pp","9606.ENSP00000360782 (pp) 9606.ENSP00000365883","false","pp","9606.ENSP00000360782 (pp) 9606.ENSP00000365883","0.056","0.0","0.0","0.811","0.0",,"0.045","0.816","0.045"
"1858.174415837573","pp","9606.ENSP00000339527 (pp) 9606.ENSP00000406162","false","pp","9606.ENSP00000339527 (pp) 9606.ENSP00000406162","0.0","0.0","0.9","0.073","0.0",,"0.0","0.928","0.295"
"1333.6157578289162","pp","9606.ENSP00000339527 (pp) 9606.ENSP00000363804","false","pp","9606.ENSP00000339527 (pp) 9606.ENSP00000363804","0.055","0.0","0.75","0.096","0.0",,"0.0","0.86","0.424"
"408.0","pp","9606.ENSP00000408979 (pp) 9606.ENSP00000409594","false","pp","9606.ENSP00000408979 (pp) 9606.ENSP00000409594","0.0","0.0","0.0","0.0","0.0",,"0.0","0.775","0.775"
"2963.179733574467","pp","9606.ENSP00000339527 (pp) 9606.ENSP00000372191","false","pp","9606.ENSP00000339527 (pp) 9606.ENSP00000372191","0.0","0.0","0.75","0.333","0.0",,"0.0","0.987","0.929"
"4.0","pp","9606.ENSP00000399403 (pp) 9606.ENSP00000408979","false","pp","9606.ENSP00000399403 (pp) 9606.ENSP00000408979","0.087","0.0","0.9","0.87","0.0",,"0.0","0.999","0.971"
"12.0","pp","9606.ENSP00000335358 (pp) 9606.ENSP00000357759","false","pp","9606.ENSP00000335358 (pp) 9606.ENSP00000357759","0.0","0.0","0.5","0.486","0.0",,"0.0","0.841","0.433"
"24.0","pp","9606.ENSP00000357759 (pp) 9606.ENSP00000357776","false","pp","9606.ENSP00000357759 (pp) 9606.ENSP00000357776","0.111","0.0","0.5","0.0","0.0",,"0.0","0.826","0.642"
"12.0","pp","9606.ENSP00000357759 (pp) 9606.ENSP00000357766","false","pp","9606.ENSP00000357759 (pp) 9606.ENSP00000357766","0.084","0.0","0.5","0.33","0.0",,"0.0","0.757","0.302"
"8.0","pp","9606.ENSP00000339479 (pp) 9606.ENSP00000430075","false","pp","9606.ENSP00000339479 (pp) 9606.ENSP00000430075","0.0","0.0","0.678","0.0","0.0",,"0.0","0.797","0.396"
"812.0","pp","9606.ENSP00000339479 (pp) 9606.ENSP00000358894","false","pp","9606.ENSP00000339479 (pp) 9606.ENSP00000358894","0.042","0.0","0.0","0.0","0.0",,"0.0","0.79","0.79"
"408.0","pp","9606.ENSP00000339479 (pp) 9606.ENSP00000364212","false","pp","9606.ENSP00000339479 (pp) 9606.ENSP00000364212","0.048","0.0","0.9","0.0","0.0",,"0.0","0.937","0.4"
"1600.0","pp","9606.ENSP00000339479 (pp) 9606.ENSP00000498074","false","pp","9606.ENSP00000339479 (pp) 9606.ENSP00000498074","0.047","0.0","0.9","0.0","0.0",,"0.0","0.907","0.103"
"400.0","pp","9606.ENSP00000430075 (pp) 9606.ENSP00000498074","false","pp","9606.ENSP00000430075 (pp) 9606.ENSP00000498074","0.067","0.0","0.9","0.0","0.0",,"0.0","0.923","0.249"
"408.0","pp","9606.ENSP00000358894 (pp) 9606.ENSP00000358896","false","pp","9606.ENSP00000358894 (pp) 9606.ENSP00000358896","0.044","0.0","0.0","0.0","0.438",,"0.0","0.818","0.69"
"1146.0230640389843","pp","9606.ENSP00000372191 (pp) 9606.ENSP00000438689","false","pp","9606.ENSP00000372191 (pp) 9606.ENSP00000438689","0.065","0.0","0.0","0.51","0.0",,"0.0","0.778","0.556"
"1190.5824244955827","pp","9606.ENSP00000363804 (pp) 9606.ENSP00000370270","false","pp","9606.ENSP00000363804 (pp) 9606.ENSP00000370270","0.0","0.0","0.0","0.067","0.0",,"0.0","0.798","0.792"
"3455.64939031843","pp","9606.ENSP00000372191 (pp) 9606.ENSP00000498074","false","pp","9606.ENSP00000372191 (pp) 9606.ENSP00000498074","0.0","0.0","0.9","0.0","0.0",,"0.0","0.9","0.05"
"4.0","pp","9606.ENSP00000344786 (pp) 9606.ENSP00000368314","false","pp","9606.ENSP00000344786 (pp) 9606.ENSP00000368314","0.087","0.057","0.9","0.091","0.0",,"0.0","0.97","0.684"
"408.0","pp","9606.ENSP00000345282 (pp) 9606.ENSP00000379138","false","pp","9606.ENSP00000345282 (pp) 9606.ENSP00000379138","0.083","0.0","0.0","0.0","0.0",,"0.0","0.759","0.748"
"92.0","pp","9606.ENSP00000344786 (pp) 9606.ENSP00000447006","false","pp","9606.ENSP00000344786 (pp) 9606.ENSP00000447006","0.178","0.0","0.9","0.797","0.0",,"0.0","0.998","0.915"
"408.0","pp","9606.ENSP00000379138 (pp) 9606.ENSP00000385080","false","pp","9606.ENSP00000379138 (pp) 9606.ENSP00000385080","0.055","0.0","0.0","0.0","0.0",,"0.0","0.776","0.773"
"408.0","pp","9606.ENSP00000379138 (pp) 9606.ENSP00000419153","false","pp","9606.ENSP00000379138 (pp) 9606.ENSP00000419153","0.0","0.0","0.0","0.0","0.0",,"0.0","0.774","0.774"
"96.0","pp","9606.ENSP00000345494 (pp) 9606.ENSP00000360876","false","pp","9606.ENSP00000345494 (pp) 9606.ENSP00000360876","0.613","0.0","0.0","0.0","0.0",,"0.0","0.791","0.483"
"1608.0","pp","9606.ENSP00000379138 (pp) 9606.ENSP00000400341","false","pp","9606.ENSP00000379138 (pp) 9606.ENSP00000400341","0.082","0.0","0.0","0.0","0.0",,"0.0","0.79","0.781"
"8.0","pp","9606.ENSP00000358698 (pp) 9606.ENSP00000410715","false","pp","9606.ENSP00000358698 (pp) 9606.ENSP00000410715","0.049","0.0","0.65","0.173","0.0",,"0.0","0.843","0.497"
"8.0","pp","9606.ENSP00000346829 (pp) 9606.ENSP00000358698","false","pp","9606.ENSP00000346829 (pp) 9606.ENSP00000358698","0.0","0.0","0.5","0.302","0.0",,"0.0","0.811","0.504"
"408.0","pp","9606.ENSP00000346997 (pp) 9606.ENSP00000377060","false","pp","9606.ENSP00000346997 (pp) 9606.ENSP00000377060","0.071","0.0","0.0","0.852","0.0",,"0.0","0.915","0.431"
"12.0","pp","9606.ENSP00000358698 (pp) 9606.ENSP00000363826","false","pp","9606.ENSP00000358698 (pp) 9606.ENSP00000363826","0.0","0.0","0.65","0.234","0.0",,"0.0","0.953","0.84"
"408.0","pp","9606.ENSP00000347716 (pp) 9606.ENSP00000397552","false","pp","9606.ENSP00000347716 (pp) 9606.ENSP00000397552","0.129","0.0","0.0","0.621","0.0",,"0.0","0.985","0.96"
"408.0","pp","9606.ENSP00000347836 (pp) 9606.ENSP00000498603","false","pp","9606.ENSP00000347836 (pp) 9606.ENSP00000498603","0.393","0.0","0.0","0.488","0.0",,"0.0","0.86","0.586"
"408.0","pp","9606.ENSP00000347834 (pp) 9606.ENSP00000381531","false","pp","9606.ENSP00000347834 (pp) 9606.ENSP00000381531","0.049","0.0","0.5","0.053","0.0",,"0.0","0.813","0.634"
"1212.0","pp","9606.ENSP00000354340 (pp) 9606.ENSP00000400906","false","pp","9606.ENSP00000354340 (pp) 9606.ENSP00000400906","0.06","0.0","0.5","0.196","0.0",,"0.043","0.755","0.427"
"812.0","pp","9606.ENSP00000347836 (pp) 9606.ENSP00000354340","false","pp","9606.ENSP00000347836 (pp) 9606.ENSP00000354340","0.042","0.0","0.5","0.554","0.0",,"0.0","0.867","0.45"
"408.0","pp","9606.ENSP00000348020 (pp) 9606.ENSP00000498881","false","pp","9606.ENSP00000348020 (pp) 9606.ENSP00000498881","0.075","0.0","0.54","0.183","0.0",,"0.0","0.781","0.445"
"2388.0","pp","9606.ENSP00000354340 (pp) 9606.ENSP00000381717","false","pp","9606.ENSP00000354340 (pp) 9606.ENSP00000381717","0.091","0.0","0.5","0.345","0.0",,"0.043","0.822","0.473"
"408.0","pp","9606.ENSP00000348714 (pp) 9606.ENSP00000400906","false","pp","9606.ENSP00000348714 (pp) 9606.ENSP00000400906","0.0","0.0","0.0","0.625","0.0",,"0.0","0.752","0.365"
"408.0","pp","9606.ENSP00000348886 (pp) 9606.ENSP00000441875","false","pp","9606.ENSP00000348886 (pp) 9606.ENSP00000441875","0.574","0.0","0.0","0.227","0.0",,"0.0","0.866","0.627"
"408.0","pp","9606.ENSP00000400906 (pp) 9606.ENSP00000428968","false","pp","9606.ENSP00000400906 (pp) 9606.ENSP00000428968","0.047","0.0","0.0","0.734","0.0",,"0.0","0.905","0.656"
"408.0","pp","9606.ENSP00000349087 (pp) 9606.ENSP00000472998","false","pp","9606.ENSP00000349087 (pp) 9606.ENSP00000472998","0.763","0.0","0.0","0.0","0.0",,"0.0","0.763","0.0"
"12.0","pp","9606.ENSP00000352673 (pp) 9606.ENSP00000376423","false","pp","9606.ENSP00000352673 (pp) 9606.ENSP00000376423","0.0","0.0","0.0","0.0","0.0",,"0.0","0.818","0.818"
"2772.0","pp","9606.ENSP00000381717 (pp) 9606.ENSP00000428209","false","pp","9606.ENSP00000381717 (pp) 9606.ENSP00000428209","0.124","0.0","0.0","0.284","0.0",,"0.0","0.883","0.829"
"408.0","pp","9606.ENSP00000004982 (pp) 9606.ENSP00000248553","false","pp","9606.ENSP00000004982 (pp) 9606.ENSP00000248553","0.135","0.0","0.0","0.548","0.0",,"0.0","0.902","0.77"
"1712.5852258852256","pp","9606.ENSP00000402515 (pp) 9606.ENSP00000473172","false","pp","9606.ENSP00000402515 (pp) 9606.ENSP00000473172","0.075","0.0","0.0","0.401","0.0",,"0.0","0.823","0.706"
"12.0","pp","9606.ENSP00000354476 (pp) 9606.ENSP00000384513","false","pp","9606.ENSP00000354476 (pp) 9606.ENSP00000384513","0.0","0.0","0.0","0.06","0.0",,"0.0","0.921","0.919"
"507.67301587301637","pp","9606.ENSP00000248553 (pp) 9606.ENSP00000266000","false","pp","9606.ENSP00000248553 (pp) 9606.ENSP00000266000","0.047","0.0","0.0","0.798","0.0",,"0.0","0.964","0.83"
"20.0","pp","9606.ENSP00000354476 (pp) 9606.ENSP00000380837","false","pp","9606.ENSP00000354476 (pp) 9606.ENSP00000380837","0.301","0.0","0.75","0.0","0.0",,"0.0","0.914","0.551"
"2645.1322638831307","pp","9606.ENSP00000248553 (pp) 9606.ENSP00000348056","false","pp","9606.ENSP00000248553 (pp) 9606.ENSP00000348056","0.076","0.0","0.0","0.534","0.0",,"0.0","0.822","0.621"
"405.0","pp","9606.ENSP00000354649 (pp) 9606.ENSP00000376472","false","pp","9606.ENSP00000354649 (pp) 9606.ENSP00000376472","0.418","0.0","0.8","0.745","0.0",,"0.0","0.996","0.891"
"3058.6719464228113","pp","9606.ENSP00000248553 (pp) 9606.ENSP00000307786","false","pp","9606.ENSP00000248553 (pp) 9606.ENSP00000307786","0.056","0.0","0.0","0.292","0.0",,"0.0","0.993","0.99"
"3.0","pp","9606.ENSP00000354649 (pp) 9606.ENSP00000420641","false","pp","9606.ENSP00000354649 (pp) 9606.ENSP00000420641","0.335","0.0","0.0","0.479","0.0",,"0.0","0.752","0.342"
"512.3999999999999","pp","9606.ENSP00000248553 (pp) 9606.ENSP00000364802","false","pp","9606.ENSP00000248553 (pp) 9606.ENSP00000364802","0.375","0.0","0.8","0.091","0.0",,"0.0","0.977","0.826"
"83.90476190476191","pp","9606.ENSP00000053468 (pp) 9606.ENSP00000364119","false","pp","9606.ENSP00000053468 (pp) 9606.ENSP00000364119","0.132","0.0","0.0","0.785","0.0",,"0.0","0.808","0.056"
"421.87056277056297","pp","9606.ENSP00000053468 (pp) 9606.ENSP00000377814","false","pp","9606.ENSP00000053468 (pp) 9606.ENSP00000377814","0.064","0.0","0.0","0.831","0.0",,"0.0","0.839","0.065"
"99.58333333333334","pp","9606.ENSP00000355904 (pp) 9606.ENSP00000384018","false","pp","9606.ENSP00000355904 (pp) 9606.ENSP00000384018","0.0","0.0","0.5","0.797","0.0",,"0.0","0.908","0.171"
"90.52243145845722","pp","9606.ENSP00000053468 (pp) 9606.ENSP00000379506","false","pp","9606.ENSP00000053468 (pp) 9606.ENSP00000379506","0.558","0.0","0.0","0.516","0.0",,"0.095","0.819","0.177"
"19.12222222222222","pp","9606.ENSP00000053468 (pp) 9606.ENSP00000363308","false","pp","9606.ENSP00000053468 (pp) 9606.ENSP00000363308","0.586","0.0","0.0","0.746","0.0",,"0.0","0.913","0.246"
"63.61601731601731","pp","9606.ENSP00000053468 (pp) 9606.ENSP00000346012","false","pp","9606.ENSP00000053468 (pp) 9606.ENSP00000346012","0.613","0.0","0.0","0.623","0.0",,"0.0","0.879","0.24"
"308.4166666666667","pp","9606.ENSP00000355904 (pp) 9606.ENSP00000385216","false","pp","9606.ENSP00000355904 (pp) 9606.ENSP00000385216","0.0","0.0","0.0","0.836","0.0",,"0.0","0.923","0.548"
"50.38253968253967","pp","9606.ENSP00000053468 (pp) 9606.ENSP00000472985","false","pp","9606.ENSP00000053468 (pp) 9606.ENSP00000472985","0.666","0.0","0.0","0.808","0.0",,"0.102","0.95","0.24"
"606.192129708847","pp","9606.ENSP00000053468 (pp) 9606.ENSP00000368927","false","pp","9606.ENSP00000053468 (pp) 9606.ENSP00000368927","0.697","0.0","0.0","0.749","0.0",,"0.111","0.943","0.264"
"331.3192888981163","pp","9606.ENSP00000053468 (pp) 9606.ENSP00000225430","false","pp","9606.ENSP00000053468 (pp) 9606.ENSP00000225430","0.833","0.0","0.0","0.854","0.0",,"0.0","0.979","0.234"
"51.62893772893777","pp","9606.ENSP00000386458 (pp) 9606.ENSP00000396301","false","pp","9606.ENSP00000386458 (pp) 9606.ENSP00000396301","0.165","0.0","0.8","0.0","0.0",,"0.0","0.828","0.055"
"265.1725018896786","pp","9606.ENSP00000053468 (pp) 9606.ENSP00000352706","false","pp","9606.ENSP00000053468 (pp) 9606.ENSP00000352706","0.067","0.0","0.0","0.949","0.0",,"0.0","0.954","0.121"
"18.0","pp","9606.ENSP00000356237 (pp) 9606.ENSP00000418572","false","pp","9606.ENSP00000356237 (pp) 9606.ENSP00000418572","0.147","0.0","0.5","0.104","0.0",,"0.0","0.901","0.773"
"53.88207430111454","pp","9606.ENSP00000053468 (pp) 9606.ENSP00000359345","false","pp","9606.ENSP00000053468 (pp) 9606.ENSP00000359345","0.833","0.0","0.0","0.84","0.0",,"0.12","0.983","0.36"
"443.9678733031671","pp","9606.ENSP00000386458 (pp) 9606.ENSP00000472998","false","pp","9606.ENSP00000386458 (pp) 9606.ENSP00000472998","0.163","0.0","0.54","0.411","0.0",,"0.0","0.978","0.917"
"63.99365079365079","pp","9606.ENSP00000053468 (pp) 9606.ENSP00000414321","false","pp","9606.ENSP00000053468 (pp) 9606.ENSP00000414321","0.833","0.0","0.0","0.841","0.0",,"0.0","0.98","0.333"
"487.91289396877625","pp","9606.ENSP00000386458 (pp) 9606.ENSP00000418563","false","pp","9606.ENSP00000386458 (pp) 9606.ENSP00000418563","0.816","0.0","0.0","0.488","0.0",,"0.0","0.927","0.287"
"11.23333333333333","pp","9606.ENSP00000053468 (pp) 9606.ENSP00000264995","false","pp","9606.ENSP00000053468 (pp) 9606.ENSP00000264995","0.693","0.0","0.0","0.987","0.0",,"0.102","0.997","0.306"
"408.0","pp","9606.ENSP00000357669 (pp) 9606.ENSP00000416606","false","pp","9606.ENSP00000357669 (pp) 9606.ENSP00000416606","0.057","0.0","0.9","0.0","0.0",,"0.0","0.901","0.0"
"196.0984126984127","pp","9606.ENSP00000053468 (pp) 9606.ENSP00000342676","false","pp","9606.ENSP00000053468 (pp) 9606.ENSP00000342676","0.136","0.0","0.8","0.94","0.0",,"0.0","0.99","0.218"
"158.16825396825394","pp","9606.ENSP00000364119 (pp) 9606.ENSP00000472985","false","pp","9606.ENSP00000364119 (pp) 9606.ENSP00000472985","0.297","0.0","0.5","0.924","0.0",,"0.0","0.975","0.201"
"12.0","pp","9606.ENSP00000357737 (pp) 9606.ENSP00000357776","false","pp","9606.ENSP00000357737 (pp) 9606.ENSP00000357776","0.783","0.0","0.5","0.0","0.0",,"0.0","0.964","0.697"
"118.31719744989799","pp","9606.ENSP00000364119 (pp) 9606.ENSP00000379506","false","pp","9606.ENSP00000364119 (pp) 9606.ENSP00000379506","0.48","0.0","0.5","0.0","0.0",,"0.0","0.769","0.184"
"812.0","pp","9606.ENSP00000357669 (pp) 9606.ENSP00000498074","false","pp","9606.ENSP00000357669 (pp) 9606.ENSP00000498074","0.0","0.0","0.9","0.0","0.0",,"0.0","0.907","0.115"
"417.2302926879929","pp","9606.ENSP00000364119 (pp) 9606.ENSP00000368927","false","pp","9606.ENSP00000364119 (pp) 9606.ENSP00000368927","0.641","0.0","0.5","0.965","0.0",,"0.0","0.995","0.431"
"408.0","pp","9606.ENSP00000358716 (pp) 9606.ENSP00000472998","false","pp","9606.ENSP00000358716 (pp) 9606.ENSP00000472998","0.096","0.0","0.0","0.795","0.0",,"0.042","0.865","0.328"
"106.16825396825398","pp","9606.ENSP00000364119 (pp) 9606.ENSP00000414321","false","pp","9606.ENSP00000364119 (pp) 9606.ENSP00000414321","0.294","0.0","0.5","0.97","0.0",,"0.0","0.991","0.248"
"20.0","pp","9606.ENSP00000357776 (pp) 9606.ENSP00000376423","false","pp","9606.ENSP00000357776 (pp) 9606.ENSP00000376423","0.241","0.0","0.5","0.0","0.0",,"0.0","0.772","0.448"
"139.1052891667442","pp","9606.ENSP00000379506 (pp) 9606.ENSP00000402338","false","pp","9606.ENSP00000379506 (pp) 9606.ENSP00000402338","0.151","0.0","0.0","0.752","0.0",,"0.0","0.828","0.247"
"588.0","pp","9606.ENSP00000359077 (pp) 9606.ENSP00000379350","false","pp","9606.ENSP00000359077 (pp) 9606.ENSP00000379350","0.084","0.0","0.5","0.0","0.0",,"0.0","0.909","0.818"
"8.84722222222222","pp","9606.ENSP00000364119 (pp) 9606.ENSP00000419449","false","pp","9606.ENSP00000364119 (pp) 9606.ENSP00000419449","0.126","0.0","0.0","0.964","0.0",,"0.0","0.998","0.951"
"145.4019721414308","pp","9606.ENSP00000379506 (pp) 9606.ENSP00000407323","false","pp","9606.ENSP00000379506 (pp) 9606.ENSP00000407323","0.095","0.0","0.0","0.875","0.0",,"0.0","0.946","0.562"
"188.0","pp","9606.ENSP00000359077 (pp) 9606.ENSP00000383053","false","pp","9606.ENSP00000359077 (pp) 9606.ENSP00000383053","0.056","0.0","0.9","0.0","0.0",,"0.0","0.945","0.472"
"48.822145828028184","pp","9606.ENSP00000379506 (pp) 9606.ENSP00000495128","false","pp","9606.ENSP00000379506 (pp) 9606.ENSP00000495128","0.088","0.0","0.0","0.872","0.0",,"0.0","0.889","0.123"
"360.0","pp","9606.ENSP00000359077 (pp) 9606.ENSP00000447006","false","pp","9606.ENSP00000359077 (pp) 9606.ENSP00000447006","0.107","0.0","0.9","0.324","0.0",,"0.0","0.945","0.207"
"158.4659443181465","pp","9606.ENSP00000379506 (pp) 9606.ENSP00000472985","false","pp","9606.ENSP00000379506 (pp) 9606.ENSP00000472985","0.981","0.0","0.0","0.993","0.0",,"0.061","0.999","0.509"
"408.0","pp","9606.ENSP00000359506 (pp) 9606.ENSP00000451291","false","pp","9606.ENSP00000359506 (pp) 9606.ENSP00000451291","0.042","0.0","0.0","0.07","0.0",,"0.0","0.77","0.763"
"116.32539284926985","pp","9606.ENSP00000379506 (pp) 9606.ENSP00000414321","false","pp","9606.ENSP00000379506 (pp) 9606.ENSP00000414321","0.992","0.0","0.0","0.992","0.0",,"0.0","0.999","0.865"
"2460.717644286684","pp","9606.ENSP00000377814 (pp) 9606.ENSP00000416658","false","pp","9606.ENSP00000377814 (pp) 9606.ENSP00000416658","0.099","0.0","0.935","0.0","0.0",,"0.057","0.949","0.182"
"2.0","pp","9606.ENSP00000359991 (pp) 9606.ENSP00000412189","false","pp","9606.ENSP00000359991 (pp) 9606.ENSP00000412189","0.0","0.048","0.9","0.0","0.0",,"0.0","0.902","0.053"
"1040.9659451659456","pp","9606.ENSP00000377814 (pp) 9606.ENSP00000472985","false","pp","9606.ENSP00000377814 (pp) 9606.ENSP00000472985","0.049","0.0","0.0","0.769","0.0",,"0.057","0.803","0.163"
"26.88035820388762","pp","9606.ENSP00000346012 (pp) 9606.ENSP00000495128","false","pp","9606.ENSP00000346012 (pp) 9606.ENSP00000495128","0.075","0.0","0.0","0.85","0.0",,"0.0","0.859","0.064"
"12.0","pp","9606.ENSP00000389175 (pp) 9606.ENSP00000457788","false","pp","9606.ENSP00000389175 (pp) 9606.ENSP00000457788","0.087","0.0","0.809","0.0","0.0",,"0.0","0.818","0.0"
"31.87142857142856","pp","9606.ENSP00000346012 (pp) 9606.ENSP00000363308","false","pp","9606.ENSP00000346012 (pp) 9606.ENSP00000363308","0.594","0.0","0.0","0.575","0.0",,"0.0","0.829","0.09"
"6.0","pp","9606.ENSP00000359991 (pp) 9606.ENSP00000389175","false","pp","9606.ENSP00000359991 (pp) 9606.ENSP00000389175","0.0","0.0","0.914","0.0","0.0",,"0.0","0.93","0.22"
"90.16945081062732","pp","9606.ENSP00000346012 (pp) 9606.ENSP00000472985","false","pp","9606.ENSP00000346012 (pp) 9606.ENSP00000472985","0.85","0.0","0.0","0.955","0.0",,"0.0","0.995","0.36"
"96.0","pp","9606.ENSP00000360108 (pp) 9606.ENSP00000441158","false","pp","9606.ENSP00000360108 (pp) 9606.ENSP00000441158","0.105","0.0","0.0","0.969","0.0",,"0.0","0.996","0.885"
"49.833333333333336","pp","9606.ENSP00000346012 (pp) 9606.ENSP00000353741","false","pp","9606.ENSP00000346012 (pp) 9606.ENSP00000353741","0.088","0.0","0.5","0.8","0.0",,"0.0","0.943","0.452"
"6.0","pp","9606.ENSP00000389175 (pp) 9606.ENSP00000412189","false","pp","9606.ENSP00000389175 (pp) 9606.ENSP00000412189","0.0","0.0","0.914","0.0","0.0",,"0.0","0.921","0.123"
"48.38809523809524","pp","9606.ENSP00000346012 (pp) 9606.ENSP00000359345","false","pp","9606.ENSP00000346012 (pp) 9606.ENSP00000359345","0.874","0.0","0.0","0.961","0.0",,"0.0","0.998","0.726"
"408.0","pp","9606.ENSP00000360162 (pp) 9606.ENSP00000371859","false","pp","9606.ENSP00000360162 (pp) 9606.ENSP00000371859","0.0","0.0","0.9","0.894","0.0",,"0.0","0.999","0.998"
"14.616666666666667","pp","9606.ENSP00000346012 (pp) 9606.ENSP00000379506","false","pp","9606.ENSP00000346012 (pp) 9606.ENSP00000379506","0.843","0.0","0.0","0.963","0.0",,"0.0","0.997","0.529"
"812.0","pp","9606.ENSP00000360162 (pp) 9606.ENSP00000369716","false","pp","9606.ENSP00000360162 (pp) 9606.ENSP00000369716","0.0","0.157","0.0","0.429","0.0",,"0.0","0.764","0.55"
"289.90793057464725","pp","9606.ENSP00000363308 (pp) 9606.ENSP00000368927","false","pp","9606.ENSP00000363308 (pp) 9606.ENSP00000368927","0.0","0.0","0.0","0.749","0.0",,"0.0","0.764","0.1"
"62.948671589848075","pp","9606.ENSP00000346012 (pp) 9606.ENSP00000414321","false","pp","9606.ENSP00000346012 (pp) 9606.ENSP00000414321","0.905","0.0","0.0","0.955","0.0",,"0.0","0.998","0.603"
"50.48333333333332","pp","9606.ENSP00000363308 (pp) 9606.ENSP00000472985","false","pp","9606.ENSP00000363308 (pp) 9606.ENSP00000472985","0.611","0.0","0.0","0.575","0.0",,"0.0","0.84","0.115"
"23.626479076479075","pp","9606.ENSP00000363308 (pp) 9606.ENSP00000419449","false","pp","9606.ENSP00000363308 (pp) 9606.ENSP00000419449","0.109","0.0","0.0","0.747","0.0",,"0.0","0.786","0.131"
"35.64999999999999","pp","9606.ENSP00000363308 (pp) 9606.ENSP00000414321","false","pp","9606.ENSP00000363308 (pp) 9606.ENSP00000414321","0.83","0.0","0.0","0.838","0.0",,"0.0","0.973","0.109"
"46.0","pp","9606.ENSP00000371471 (pp) 9606.ENSP00000377344","false","pp","9606.ENSP00000371471 (pp) 9606.ENSP00000377344","0.789","0.0","0.0","0.0","0.0",,"0.0","0.911","0.598"
"44.61640379910425","pp","9606.ENSP00000363308 (pp) 9606.ENSP00000379506","false","pp","9606.ENSP00000363308 (pp) 9606.ENSP00000379506","0.829","0.0","0.0","0.811","0.0",,"0.0","0.967","0.087"
"408.0","pp","9606.ENSP00000360676 (pp) 9606.ENSP00000379267","false","pp","9606.ENSP00000360676 (pp) 9606.ENSP00000379267","0.111","0.0","0.0","0.129","0.0",,"0.0","0.831","0.8"
"1667.3030779985472","pp","9606.ENSP00000368927 (pp) 9606.ENSP00000414321","false","pp","9606.ENSP00000368927 (pp) 9606.ENSP00000414321","0.363","0.0","0.0","0.967","0.0",,"0.0","0.978","0.0"
"8937.46275031068","pp","9606.ENSP00000368927 (pp) 9606.ENSP00000446215","false","pp","9606.ENSP00000368927 (pp) 9606.ENSP00000446215","0.196","0.0","0.0","0.894","0.0",,"0.0","0.911","0.0"
"132.0","pp","9606.ENSP00000371471 (pp) 9606.ENSP00000380697","false","pp","9606.ENSP00000371471 (pp) 9606.ENSP00000380697","0.678","0.0","0.0","0.095","0.0",,"0.0","0.915","0.734"
"168.57117604617605","pp","9606.ENSP00000368927 (pp) 9606.ENSP00000419449","false","pp","9606.ENSP00000368927 (pp) 9606.ENSP00000419449","0.249","0.0","0.9","0.947","0.0",,"0.0","0.999","0.897"
"2.0","pp","9606.ENSP00000361512 (pp) 9606.ENSP00000424595","false","pp","9606.ENSP00000361512 (pp) 9606.ENSP00000424595","0.057","0.048","0.9","0.712","0.0",,"0.0","0.97","0.047"
"1917.7706104660808","pp","9606.ENSP00000368927 (pp) 9606.ENSP00000472985","false","pp","9606.ENSP00000368927 (pp) 9606.ENSP00000472985","0.674","0.0","0.0","0.957","0.0",,"0.102","0.989","0.251"
"94.0","pp","9606.ENSP00000361512 (pp) 9606.ENSP00000378340","false","pp","9606.ENSP00000361512 (pp) 9606.ENSP00000378340","0.102","0.0","0.0","0.0","0.0",,"0.0","0.766","0.751"
"1144.232587848509","pp","9606.ENSP00000352706 (pp) 9606.ENSP00000438689","false","pp","9606.ENSP00000352706 (pp) 9606.ENSP00000438689","0.311","0.0","0.185","0.644","0.0",,"0.046","0.891","0.516"
"654.5020063388392","pp","9606.ENSP00000352706 (pp) 9606.ENSP00000472985","false","pp","9606.ENSP00000352706 (pp) 9606.ENSP00000472985","0.042","0.0","0.0","0.771","0.0",,"0.0","0.778","0.072"
"108.6649605296664","pp","9606.ENSP00000225430 (pp) 9606.ENSP00000495128","false","pp","9606.ENSP00000225430 (pp) 9606.ENSP00000495128","0.067","0.0","0.0","0.875","0.0",,"0.0","0.879","0.0"
"808.0","pp","9606.ENSP00000431926 (pp) 9606.ENSP00000483236","false","pp","9606.ENSP00000431926 (pp) 9606.ENSP00000483236","0.049","0.0","0.9","0.362","0.0",,"0.0","0.934","0.0"
"402.11955574005555","pp","9606.ENSP00000225430 (pp) 9606.ENSP00000407323","false","pp","9606.ENSP00000225430 (pp) 9606.ENSP00000407323","0.133","0.0","0.0","0.842","0.0",,"0.0","0.875","0.163"
"408.0","pp","9606.ENSP00000362550 (pp) 9606.ENSP00000431926","false","pp","9606.ENSP00000362550 (pp) 9606.ENSP00000431926","0.779","0.0","0.0","0.0","0.0",,"0.0","0.779","0.0"
"269.89102564102564","pp","9606.ENSP00000225430 (pp) 9606.ENSP00000353741","false","pp","9606.ENSP00000225430 (pp) 9606.ENSP00000353741","0.291","0.0","0.5","0.8","0.0",,"0.0","0.925","0.068"
"170.32395382395381","pp","9606.ENSP00000225430 (pp) 9606.ENSP00000254730","false","pp","9606.ENSP00000225430 (pp) 9606.ENSP00000254730","0.13","0.0","0.5","0.8","0.0",,"0.0","0.906","0.044"
"416.30653731087165","pp","9606.ENSP00000225430 (pp) 9606.ENSP00000346725","false","pp","9606.ENSP00000225430 (pp) 9606.ENSP00000346725","0.133","0.0","0.5","0.854","0.0",,"0.0","0.931","0.0"
"3509.556445419068","pp","9606.ENSP00000225430 (pp) 9606.ENSP00000356520","false","pp","9606.ENSP00000225430 (pp) 9606.ENSP00000356520","0.163","0.0","0.9","0.175","0.05",,"0.0","0.926","0.057"
"408.0","pp","9606.ENSP00000368030 (pp) 9606.ENSP00000441875","false","pp","9606.ENSP00000368030 (pp) 9606.ENSP00000441875","0.25","0.0","0.0","0.599","0.0",,"0.0","0.789","0.357"
"445.8923047711325","pp","9606.ENSP00000225430 (pp) 9606.ENSP00000264995","false","pp","9606.ENSP00000225430 (pp) 9606.ENSP00000264995","0.668","0.0","0.0","0.81","0.0",,"0.115","0.956","0.314"
"170.67043757063027","pp","9606.ENSP00000225430 (pp) 9606.ENSP00000306788","false","pp","9606.ENSP00000225430 (pp) 9606.ENSP00000306788","0.675","0.0","0.0","0.782","0.0",,"0.091","0.94","0.179"
"495.504512824517","pp","9606.ENSP00000225430 (pp) 9606.ENSP00000472985","false","pp","9606.ENSP00000225430 (pp) 9606.ENSP00000472985","0.991","0.0","0.0","0.995","0.0",,"0.0","0.999","0.481"
"171.76046616948244","pp","9606.ENSP00000225430 (pp) 9606.ENSP00000363308","false","pp","9606.ENSP00000225430 (pp) 9606.ENSP00000363308","0.829","0.0","0.0","0.838","0.0",,"0.0","0.973","0.133"
"372.35968720987995","pp","9606.ENSP00000225430 (pp) 9606.ENSP00000414321","false","pp","9606.ENSP00000225430 (pp) 9606.ENSP00000414321","0.991","0.0","0.0","0.993","0.0",,"0.0","0.999","0.666"
"412.8464741186486","pp","9606.ENSP00000225430 (pp) 9606.ENSP00000359345","false","pp","9606.ENSP00000225430 (pp) 9606.ENSP00000359345","0.991","0.0","0.0","0.994","0.0",,"0.231","0.999","0.667"
"67.10238095238095","pp","9606.ENSP00000225430 (pp) 9606.ENSP00000346012","false","pp","9606.ENSP00000225430 (pp) 9606.ENSP00000346012","0.879","0.0","0.0","0.959","0.0",,"0.0","0.999","0.913"
"221.79113060428844","pp","9606.ENSP00000225430 (pp) 9606.ENSP00000379506","false","pp","9606.ENSP00000225430 (pp) 9606.ENSP00000379506","0.985","0.0","0.0","0.995","0.0",,"0.111","0.999","0.755"
"15.611111111111112","pp","9606.ENSP00000414321 (pp) 9606.ENSP00000472985","false","pp","9606.ENSP00000414321 (pp) 9606.ENSP00000472985","0.991","0.0","0.9","0.992","0.0",,"0.0","0.999","0.667"
"5.0","pp","9606.ENSP00000375639 (pp) 9606.ENSP00000397552","false","pp","9606.ENSP00000375639 (pp) 9606.ENSP00000397552","0.074","0.0","0.9","0.554","0.0",,"0.0","0.958","0.116"
"72.72821067821066","pp","9606.ENSP00000414321 (pp) 9606.ENSP00000419449","false","pp","9606.ENSP00000414321 (pp) 9606.ENSP00000419449","0.332","0.0","0.0","0.966","0.0",,"0.0","0.979","0.129"
"2.0","pp","9606.ENSP00000375639 (pp) 9606.ENSP00000463154","false","pp","9606.ENSP00000375639 (pp) 9606.ENSP00000463154","0.069","0.0","0.9","0.0","0.0",,"0.0","0.902","0.0"
"317.08253968253973","pp","9606.ENSP00000359345 (pp) 9606.ENSP00000413572","false","pp","9606.ENSP00000359345 (pp) 9606.ENSP00000413572","0.105","0.0","0.0","0.839","0.0",,"0.0","0.903","0.385"
"401.0","pp","9606.ENSP00000463154 (pp) 9606.ENSP00000473172","false","pp","9606.ENSP00000463154 (pp) 9606.ENSP00000473172","0.05","0.0","0.9","0.345","0.0",,"0.0","0.939","0.142"
"1161.3910533910534","pp","9606.ENSP00000359345 (pp) 9606.ENSP00000376472","false","pp","9606.ENSP00000359345 (pp) 9606.ENSP00000376472","0.1","0.0","0.0","0.786","0.0",,"0.0","0.81","0.095"
"401.0","pp","9606.ENSP00000375639 (pp) 9606.ENSP00000473172","false","pp","9606.ENSP00000375639 (pp) 9606.ENSP00000473172","0.118","0.0","0.9","0.686","0.0",,"0.0","0.977","0.295"
"2177.881774069077","pp","9606.ENSP00000359345 (pp) 9606.ENSP00000368927","false","pp","9606.ENSP00000359345 (pp) 9606.ENSP00000368927","0.845","0.0","0.5","0.0","0.0",,"0.12","0.932","0.127"
"223.63253543841782","pp","9606.ENSP00000359345 (pp) 9606.ENSP00000495128","false","pp","9606.ENSP00000359345 (pp) 9606.ENSP00000495128","0.11","0.0","0.0","0.875","0.0",,"0.0","0.908","0.236"
"28.941666666666666","pp","9606.ENSP00000359345 (pp) 9606.ENSP00000363308","false","pp","9606.ENSP00000359345 (pp) 9606.ENSP00000363308","0.83","0.0","0.0","0.838","0.0",,"0.0","0.974","0.132"
"989.1439069129476","pp","9606.ENSP00000359345 (pp) 9606.ENSP00000377814","false","pp","9606.ENSP00000359345 (pp) 9606.ENSP00000377814","0.042","0.0","0.0","0.943","0.0",,"0.0","0.947","0.123"
"39.47473713243757","pp","9606.ENSP00000359345 (pp) 9606.ENSP00000379506","false","pp","9606.ENSP00000359345 (pp) 9606.ENSP00000379506","0.983","0.0","0.0","0.994","0.0",,"0.111","0.999","0.799"
"645.80349155082","pp","9606.ENSP00000359345 (pp) 9606.ENSP00000402338","false","pp","9606.ENSP00000359345 (pp) 9606.ENSP00000402338","0.261","0.0","0.0","0.959","0.0",,"0.0","0.996","0.884"
"135.2589204941372","pp","9606.ENSP00000359345 (pp) 9606.ENSP00000472985","false","pp","9606.ENSP00000359345 (pp) 9606.ENSP00000472985","0.991","0.0","0.0","0.993","0.0",,"0.115","0.999","0.956"
"115.88398905016552","pp","9606.ENSP00000359345 (pp) 9606.ENSP00000414321","false","pp","9606.ENSP00000359345 (pp) 9606.ENSP00000414321","0.991","0.0","0.0","0.993","0.0",,"0.0","0.999","0.908"
"408.0","pp","9606.ENSP00000382218 (pp) 9606.ENSP00000498881","false","pp","9606.ENSP00000382218 (pp) 9606.ENSP00000498881","0.0","0.0","0.9","0.0","0.0",,"0.0","0.9","0.0"
"31.566666666666656","pp","9606.ENSP00000264995 (pp) 9606.ENSP00000306788","false","pp","9606.ENSP00000264995 (pp) 9606.ENSP00000306788","0.449","0.0","0.0","0.502","0.0",,"0.058","0.755","0.166"
"1069.4441091895792","pp","9606.ENSP00000264995 (pp) 9606.ENSP00000368927","false","pp","9606.ENSP00000264995 (pp) 9606.ENSP00000368927","0.661","0.0","0.0","0.0","0.0",,"0.102","0.75","0.246"
"527.8372294372293","pp","9606.ENSP00000264995 (pp) 9606.ENSP00000377814","false","pp","9606.ENSP00000264995 (pp) 9606.ENSP00000377814","0.044","0.0","0.0","0.769","0.0",,"0.0","0.769","0.0"
"408.0","pp","9606.ENSP00000392330 (pp) 9606.ENSP00000416338","false","pp","9606.ENSP00000392330 (pp) 9606.ENSP00000416338","0.073","0.0","0.0","0.0","0.0",,"0.0","0.758","0.75"
"408.0","pp","9606.ENSP00000264995 (pp) 9606.ENSP00000298317","false","pp","9606.ENSP00000264995 (pp) 9606.ENSP00000298317","0.111","0.0","0.0","0.666","0.0",,"0.057","0.762","0.251"
"8.0","pp","9606.ENSP00000457788 (pp) 9606.ENSP00000462333","false","pp","9606.ENSP00000457788 (pp) 9606.ENSP00000462333","0.52","0.0","0.0","0.0","0.0",,"0.231","0.838","0.597"
"408.0","pp","9606.ENSP00000264995 (pp) 9606.ENSP00000402107","false","pp","9606.ENSP00000264995 (pp) 9606.ENSP00000402107","0.0","0.0","0.0","0.0","0.0",,"0.0","0.813","0.813"
"209.80216450216446","pp","9606.ENSP00000401264 (pp) 9606.ENSP00000416658","false","pp","9606.ENSP00000401264 (pp) 9606.ENSP00000416658","0.123","0.0","0.923","0.0","0.0",,"0.042","0.937","0.138"
"467.16612863961564","pp","9606.ENSP00000264995 (pp) 9606.ENSP00000346725","false","pp","9606.ENSP00000264995 (pp) 9606.ENSP00000346725","0.112","0.0","0.0","0.75","0.0",,"0.0","0.812","0.225"
"196.19783549783554","pp","9606.ENSP00000401264 (pp) 9606.ENSP00000498074","false","pp","9606.ENSP00000401264 (pp) 9606.ENSP00000498074","0.043","0.0","0.9","0.0","0.0",,"0.0","0.905","0.096"
"211.9015873015873","pp","9606.ENSP00000264995 (pp) 9606.ENSP00000342676","false","pp","9606.ENSP00000264995 (pp) 9606.ENSP00000342676","0.049","0.0","0.0","0.82","0.0",,"0.0","0.836","0.118"
"196.19783549783554","pp","9606.ENSP00000497744 (pp) 9606.ENSP00000498074","false","pp","9606.ENSP00000497744 (pp) 9606.ENSP00000498074","0.049","0.0","0.9","0.0","0.0",,"0.0","0.909","0.127"
"26.488888888888887","pp","9606.ENSP00000264995 (pp) 9606.ENSP00000363308","false","pp","9606.ENSP00000264995 (pp) 9606.ENSP00000363308","0.598","0.0","0.0","0.575","0.0",,"0.0","0.829","0.08"
"2.0","pp","9606.ENSP00000401264 (pp) 9606.ENSP00000497744","false","pp","9606.ENSP00000401264 (pp) 9606.ENSP00000497744","0.042","0.051","0.9","0.836","0.0",,"0.0","0.983","0.062"
"417.19444325635436","pp","9606.ENSP00000264995 (pp) 9606.ENSP00000352706","false","pp","9606.ENSP00000264995 (pp) 9606.ENSP00000352706","0.085","0.0","0.0","0.941","0.0",,"0.0","0.943","0.0"
"116.95100288702866","pp","9606.ENSP00000264995 (pp) 9606.ENSP00000379506","false","pp","9606.ENSP00000264995 (pp) 9606.ENSP00000379506","0.534","0.0","0.0","0.479","0.0",,"0.079","0.839","0.365"
"96.0","pp","9606.ENSP00000402723 (pp) 9606.ENSP00000433208","false","pp","9606.ENSP00000402723 (pp) 9606.ENSP00000433208","0.056","0.0","0.9","0.956","0.0",,"0.0","0.999","0.999"
"129.72222222222226","pp","9606.ENSP00000264995 (pp) 9606.ENSP00000414321","false","pp","9606.ENSP00000264995 (pp) 9606.ENSP00000414321","0.816","0.0","0.0","0.785","0.0",,"0.0","0.97","0.314"
"404.0","pp","9606.ENSP00000415556 (pp) 9606.ENSP00000483236","false","pp","9606.ENSP00000415556 (pp) 9606.ENSP00000483236","0.049","0.0","0.9","0.0","0.0",,"0.0","0.933","0.353"
"116.11111111111113","pp","9606.ENSP00000264995 (pp) 9606.ENSP00000472985","false","pp","9606.ENSP00000264995 (pp) 9606.ENSP00000472985","0.624","0.0","0.0","0.815","0.0",,"0.091","0.944","0.226"
"4.0","pp","9606.ENSP00000415556 (pp) 9606.ENSP00000431926","false","pp","9606.ENSP00000415556 (pp) 9606.ENSP00000431926","0.0","0.0","0.9","0.0","0.0",,"0.0","0.905","0.097"
"77.74397906301932","pp","9606.ENSP00000264995 (pp) 9606.ENSP00000359345","false","pp","9606.ENSP00000264995 (pp) 9606.ENSP00000359345","0.827","0.0","0.0","0.782","0.0",,"0.115","0.976","0.368"
"96.0","pp","9606.ENSP00000422464 (pp) 9606.ENSP00000497069","false","pp","9606.ENSP00000422464 (pp) 9606.ENSP00000497069","0.042","0.0","0.65","0.0","0.0",,"0.0","0.817","0.499"
"95.0","pp","9606.ENSP00000196061 (pp) 9606.ENSP00000297268","false","pp","9606.ENSP00000196061 (pp) 9606.ENSP00000297268","0.106","0.0","0.5","0.071","0.0",,"0.0","0.777","0.527"
"13.0","pp","9606.ENSP00000196061 (pp) 9606.ENSP00000378340","false","pp","9606.ENSP00000196061 (pp) 9606.ENSP00000378340","0.066","0.0","0.5","0.465","0.0",,"0.0","0.77","0.188"
"96.0","pp","9606.ENSP00000297268 (pp) 9606.ENSP00000362776","false","pp","9606.ENSP00000297268 (pp) 9606.ENSP00000362776","0.262","0.135","0.54","0.0","0.0",,"0.0","0.822","0.467"
"94.0","pp","9606.ENSP00000378340 (pp) 9606.ENSP00000424595","false","pp","9606.ENSP00000378340 (pp) 9606.ENSP00000424595","0.0","0.0","0.0","0.0","0.0",,"0.0","0.75","0.75"
"252.0","pp","9606.ENSP00000297268 (pp) 9606.ENSP00000379350","false","pp","9606.ENSP00000297268 (pp) 9606.ENSP00000379350","0.109","0.0","0.9","0.051","0.0",,"0.0","0.988","0.883"
"11.0","pp","9606.ENSP00000297268 (pp) 9606.ENSP00000327290","false","pp","9606.ENSP00000297268 (pp) 9606.ENSP00000327290","0.193","0.0","0.65","0.0","0.0",,"0.0","0.927","0.764"
"333.2579053843761","pp","9606.ENSP00000203001 (pp) 9606.ENSP00000402338","false","pp","9606.ENSP00000203001 (pp) 9606.ENSP00000402338","0.775","0.0","0.0","0.0","0.0",,"0.0","0.792","0.114"
"26.066666666666663","pp","9606.ENSP00000402338 (pp) 9606.ENSP00000413572","false","pp","9606.ENSP00000402338 (pp) 9606.ENSP00000413572","0.701","0.0","0.0","0.792","0.0",,"0.0","0.957","0.376"
"74.74209461562397","pp","9606.ENSP00000203001 (pp) 9606.ENSP00000258772","false","pp","9606.ENSP00000203001 (pp) 9606.ENSP00000258772","0.832","0.0","0.0","0.066","0.0",,"0.0","0.836","0.0"
"785.0847918965565","pp","9606.ENSP00000258772 (pp) 9606.ENSP00000268802","false","pp","9606.ENSP00000258772 (pp) 9606.ENSP00000268802","0.716","0.0","0.0","0.09","0.0",,"0.0","0.768","0.174"
"38.019228411139366","pp","9606.ENSP00000402338 (pp) 9606.ENSP00000407323","false","pp","9606.ENSP00000402338 (pp) 9606.ENSP00000407323","0.941","0.0","0.0","0.917","0.0",,"0.0","0.999","0.866"
"489.78544549132783","pp","9606.ENSP00000258772 (pp) 9606.ENSP00000355541","false","pp","9606.ENSP00000258772 (pp) 9606.ENSP00000355541","0.817","0.0","0.0","0.097","0.0",,"0.0","0.844","0.131"
"2000.0","pp","9606.ENSP00000258772 (pp) 9606.ENSP00000390011","false","pp","9606.ENSP00000258772 (pp) 9606.ENSP00000390011","0.82","0.0","0.0","0.0","0.0",,"0.042","0.834","0.115"
"248.13682058682053","pp","9606.ENSP00000258772 (pp) 9606.ENSP00000407323","false","pp","9606.ENSP00000258772 (pp) 9606.ENSP00000407323","0.722","0.0","0.0","0.594","0.0",,"0.0","0.971","0.767"
"673.640014995897","pp","9606.ENSP00000258772 (pp) 9606.ENSP00000346725","false","pp","9606.ENSP00000258772 (pp) 9606.ENSP00000346725","0.95","0.0","0.0","0.269","0.0",,"0.0","0.97","0.236"
"232.81168831168824","pp","9606.ENSP00000258772 (pp) 9606.ENSP00000402338","false","pp","9606.ENSP00000258772 (pp) 9606.ENSP00000402338","0.913","0.0","0.0","0.754","0.0",,"0.0","0.987","0.446"
"4.0","pp","9606.ENSP00000216392 (pp) 9606.ENSP00000338703","false","pp","9606.ENSP00000216392 (pp) 9606.ENSP00000338703","0.248","0.0","0.927","0.0","0.0",,"0.0","0.988","0.799"
"404.0","pp","9606.ENSP00000216392 (pp) 9606.ENSP00000498074","false","pp","9606.ENSP00000216392 (pp) 9606.ENSP00000498074","0.0","0.0","0.9","0.0","0.0",,"0.0","0.913","0.174"
"16.0","pp","9606.ENSP00000216442 (pp) 9606.ENSP00000358777","false","pp","9606.ENSP00000216442 (pp) 9606.ENSP00000358777","0.082","0.0","0.54","0.99","0.0",,"0.0","0.997","0.539"
"808.0","pp","9606.ENSP00000338703 (pp) 9606.ENSP00000498074","false","pp","9606.ENSP00000338703 (pp) 9606.ENSP00000498074","0.042","0.0","0.9","0.0","0.0",,"0.0","0.909","0.135"
"42.0","pp","9606.ENSP00000358777 (pp) 9606.ENSP00000394071","false","pp","9606.ENSP00000358777 (pp) 9606.ENSP00000394071","0.208","0.0","0.0","0.0","0.0",,"0.0","0.862","0.834"
"2.0","pp","9606.ENSP00000216442 (pp) 9606.ENSP00000253413","false","pp","9606.ENSP00000216442 (pp) 9606.ENSP00000253413","0.81","0.0","0.956","0.994","0.0",,"0.111","0.999","0.833"
"1439.2909090909095","pp","9606.ENSP00000217086 (pp) 9606.ENSP00000369716","false","pp","9606.ENSP00000217086 (pp) 9606.ENSP00000369716","0.0","0.0","0.5","0.471","0.0",,"0.0","0.76","0.164"
"16.0","pp","9606.ENSP00000253413 (pp) 9606.ENSP00000358777","false","pp","9606.ENSP00000253413 (pp) 9606.ENSP00000358777","0.359","0.0","0.54","0.966","0.0",,"0.0","0.995","0.595"
"1838.5714285714275","pp","9606.ENSP00000369716 (pp) 9606.ENSP00000377060","false","pp","9606.ENSP00000369716 (pp) 9606.ENSP00000377060","0.047","0.0","0.0","0.645","0.0",,"0.0","0.78","0.402"
"1308.7393939393935","pp","9606.ENSP00000217086 (pp) 9606.ENSP00000370270","false","pp","9606.ENSP00000217086 (pp) 9606.ENSP00000370270","0.0","0.0","0.0","0.095","0.0",,"0.0","0.923","0.919"
"408.0","pp","9606.ENSP00000217244 (pp) 9606.ENSP00000369716","false","pp","9606.ENSP00000217244 (pp) 9606.ENSP00000369716","0.054","0.0","0.72","0.462","0.0",,"0.0","0.851","0.078"
"891.1226842358417","pp","9606.ENSP00000370270 (pp) 9606.ENSP00000384018","false","pp","9606.ENSP00000370270 (pp) 9606.ENSP00000384018","0.0","0.0","0.5","0.487","0.0",,"0.0","0.757","0.129"
"24.0","pp","9606.ENSP00000358421 (pp) 9606.ENSP00000380837","false","pp","9606.ENSP00000358421 (pp) 9606.ENSP00000380837","0.147","0.0","0.0","0.619","0.0",,"0.057","0.788","0.392"
"12.0","pp","9606.ENSP00000217961 (pp) 9606.ENSP00000358421","false","pp","9606.ENSP00000217961 (pp) 9606.ENSP00000358421","0.0","0.0","0.9","0.0","0.0",,"0.042","0.953","0.551"
"207.88189474091092","pp","9606.ENSP00000220849 (pp) 9606.ENSP00000225430","false","pp","9606.ENSP00000220849 (pp) 9606.ENSP00000225430","0.477","0.0","0.0","0.0","0.0",,"0.0","0.758","0.556"
"10.0","pp","9606.ENSP00000358421 (pp) 9606.ENSP00000480443","false","pp","9606.ENSP00000358421 (pp) 9606.ENSP00000480443","0.055","0.0","0.9","0.062","0.0",,"0.0","0.911","0.116"
"49.14920634920635","pp","9606.ENSP00000220849 (pp) 9606.ENSP00000414321","false","pp","9606.ENSP00000220849 (pp) 9606.ENSP00000414321","0.515","0.0","0.0","0.959","0.0",,"0.0","0.982","0.205"
"96.98253968253967","pp","9606.ENSP00000220849 (pp) 9606.ENSP00000472985","false","pp","9606.ENSP00000220849 (pp) 9606.ENSP00000472985","0.516","0.0","0.0","0.915","0.0",,"0.0","0.961","0.134"
"24.08730158730159","pp","9606.ENSP00000220849 (pp) 9606.ENSP00000364119","false","pp","9606.ENSP00000220849 (pp) 9606.ENSP00000364119","0.328","0.0","0.65","0.896","0.0",,"0.0","0.986","0.506"
"251.2657331247494","pp","9606.ENSP00000220849 (pp) 9606.ENSP00000368927","false","pp","9606.ENSP00000220849 (pp) 9606.ENSP00000368927","0.128","0.0","0.65","0.947","0.0",,"0.0","0.985","0.168"
"121.39487734487733","pp","9606.ENSP00000419449 (pp) 9606.ENSP00000472985","false","pp","9606.ENSP00000419449 (pp) 9606.ENSP00000472985","0.187","0.0","0.0","0.952","0.0",,"0.0","0.975","0.412"
"14.965367965367962","pp","9606.ENSP00000220849 (pp) 9606.ENSP00000419449","false","pp","9606.ENSP00000220849 (pp) 9606.ENSP00000419449","0.117","0.0","0.65","0.897","0.0",,"0.0","0.991","0.751"
"48.0","pp","9606.ENSP00000222256 (pp) 9606.ENSP00000394071","false","pp","9606.ENSP00000222256 (pp) 9606.ENSP00000394071","0.148","0.0","0.5","0.401","0.0",,"0.0","0.942","0.801"
"18.0","pp","9606.ENSP00000222256 (pp) 9606.ENSP00000350386","false","pp","9606.ENSP00000222256 (pp) 9606.ENSP00000350386","0.0","0.0","0.5","0.671","0.0",,"0.0","0.935","0.639"
"188.0","pp","9606.ENSP00000223023 (pp) 9606.ENSP00000371798","false","pp","9606.ENSP00000223023 (pp) 9606.ENSP00000371798","0.0","0.0","0.0","0.0","0.0",,"0.0","0.786","0.786"
"48.0","pp","9606.ENSP00000222256 (pp) 9606.ENSP00000418572","false","pp","9606.ENSP00000222256 (pp) 9606.ENSP00000418572","0.173","0.0","0.8","0.0","0.0",,"0.0","0.978","0.881"
"588.0","pp","9606.ENSP00000223023 (pp) 9606.ENSP00000348215","false","pp","9606.ENSP00000223023 (pp) 9606.ENSP00000348215","0.073","0.0","0.0","0.132","0.0",,"0.0","0.993","0.992"
"276.0","pp","9606.ENSP00000223023 (pp) 9606.ENSP00000348602","false","pp","9606.ENSP00000223023 (pp) 9606.ENSP00000348602","0.057","0.0","0.0","0.456","0.0",,"0.0","0.888","0.799"
"96.0","pp","9606.ENSP00000371798 (pp) 9606.ENSP00000381581","false","pp","9606.ENSP00000371798 (pp) 9606.ENSP00000381581","0.066","0.0","0.0","0.0","0.0",,"0.0","0.816","0.811"
"96.0","pp","9606.ENSP00000223023 (pp) 9606.ENSP00000294742","false","pp","9606.ENSP00000223023 (pp) 9606.ENSP00000294742","0.0","0.0","0.9","0.853","0.0",,"0.0","0.993","0.577"
"720.0","pp","9606.ENSP00000348215 (pp) 9606.ENSP00000379350","false","pp","9606.ENSP00000348215 (pp) 9606.ENSP00000379350","0.067","0.0","0.0","0.069","0.0",,"0.0","0.892","0.886"
"188.0","pp","9606.ENSP00000348602 (pp) 9606.ENSP00000441158","false","pp","9606.ENSP00000348602 (pp) 9606.ENSP00000441158","0.074","0.0","0.0","0.457","0.0",,"0.0","0.928","0.868"
"100.06031746031746","pp","9606.ENSP00000254730 (pp) 9606.ENSP00000364119","false","pp","9606.ENSP00000254730 (pp) 9606.ENSP00000364119","0.319","0.0","0.0","0.779","0.0",,"0.0","0.898","0.378"
"408.0","pp","9606.ENSP00000254730 (pp) 9606.ENSP00000472847","false","pp","9606.ENSP00000254730 (pp) 9606.ENSP00000472847","0.153","0.0","0.0","0.0","0.0",,"0.041","0.821","0.797"
"39.98354978354979","pp","9606.ENSP00000254730 (pp) 9606.ENSP00000379506","false","pp","9606.ENSP00000254730 (pp) 9606.ENSP00000379506","0.152","0.0","0.5","0.805","0.0",,"0.0","0.912","0.068"
"15.371428571428572","pp","9606.ENSP00000254730 (pp) 9606.ENSP00000346012","false","pp","9606.ENSP00000254730 (pp) 9606.ENSP00000346012","0.095","0.0","0.5","0.8","0.0",,"0.0","0.909","0.121"
"232.6017316017316","pp","9606.ENSP00000254730 (pp) 9606.ENSP00000472985","false","pp","9606.ENSP00000254730 (pp) 9606.ENSP00000472985","0.209","0.0","0.5","0.896","0.0",,"0.0","0.959","0.116"
"145.10173160173161","pp","9606.ENSP00000254730 (pp) 9606.ENSP00000359345","false","pp","9606.ENSP00000254730 (pp) 9606.ENSP00000359345","0.163","0.0","0.5","0.875","0.0",,"0.0","0.944","0.057"
"505.89526029526024","pp","9606.ENSP00000353741 (pp) 9606.ENSP00000414321","false","pp","9606.ENSP00000353741 (pp) 9606.ENSP00000414321","0.291","0.0","0.5","0.8","0.0",,"0.0","0.929","0.117"
"145.93506493506493","pp","9606.ENSP00000254730 (pp) 9606.ENSP00000414321","false","pp","9606.ENSP00000254730 (pp) 9606.ENSP00000414321","0.134","0.0","0.5","0.946","0.0",,"0.115","0.977","0.08"
"469.9502164502164","pp","9606.ENSP00000353741 (pp) 9606.ENSP00000359345","false","pp","9606.ENSP00000353741 (pp) 9606.ENSP00000359345","0.307","0.0","0.5","0.8","0.0",,"0.0","0.938","0.211"
"749.1716672216672","pp","9606.ENSP00000353741 (pp) 9606.ENSP00000472985","false","pp","9606.ENSP00000353741 (pp) 9606.ENSP00000472985","0.271","0.0","0.5","0.8","0.0",,"0.057","0.93","0.148"
"1909.985225885225","pp","9606.ENSP00000353741 (pp) 9606.ENSP00000402515","false","pp","9606.ENSP00000353741 (pp) 9606.ENSP00000402515","0.076","0.0","0.0","0.994","0.0",,"0.0","0.999","0.931"
"209.74372294372296","pp","9606.ENSP00000353741 (pp) 9606.ENSP00000379506","false","pp","9606.ENSP00000353741 (pp) 9606.ENSP00000379506","0.454","0.0","0.5","0.8","0.0",,"0.0","0.945","0.124"
"680.7225362872421","pp","9606.ENSP00000356520 (pp) 9606.ENSP00000396301","false","pp","9606.ENSP00000356520 (pp) 9606.ENSP00000396301","0.141","0.0","0.8","0.064","0.0",,"0.0","0.825","0.0"
"364.842075480429","pp","9606.ENSP00000356520 (pp) 9606.ENSP00000359645","false","pp","9606.ENSP00000356520 (pp) 9606.ENSP00000359645","0.631","0.0","0.0","0.284","0.0",,"0.0","0.776","0.218"
"858.4587888324369","pp","9606.ENSP00000356520 (pp) 9606.ENSP00000451291","false","pp","9606.ENSP00000356520 (pp) 9606.ENSP00000451291","0.545","0.0","0.0","0.646","0.0",,"0.0","0.992","0.958"
"1146.993954085131","pp","9606.ENSP00000356520 (pp) 9606.ENSP00000386458","false","pp","9606.ENSP00000356520 (pp) 9606.ENSP00000386458","0.257","0.0","0.8","0.178","0.0",,"0.0","0.918","0.414"
"64.85079365079366","pp","9606.ENSP00000346725 (pp) 9606.ENSP00000413572","false","pp","9606.ENSP00000346725 (pp) 9606.ENSP00000413572","0.487","0.0","0.0","0.792","0.0",,"0.0","0.924","0.348"
"24.027300150829557","pp","9606.ENSP00000346725 (pp) 9606.ENSP00000355541","false","pp","9606.ENSP00000346725 (pp) 9606.ENSP00000355541","0.737","0.0","0.54","0.069","0.0",,"0.0","0.877","0.0"
"353.1593812293107","pp","9606.ENSP00000346725 (pp) 9606.ENSP00000359345","false","pp","9606.ENSP00000346725 (pp) 9606.ENSP00000359345","0.14","0.0","0.5","0.945","0.0",,"0.0","0.983","0.39"
"76.8145446057211","pp","9606.ENSP00000346725 (pp) 9606.ENSP00000379506","false","pp","9606.ENSP00000346725 (pp) 9606.ENSP00000379506","0.088","0.0","0.5","0.858","0.0",,"0.0","0.931","0.069"
"28.37750030481778","pp","9606.ENSP00000346725 (pp) 9606.ENSP00000407323","false","pp","9606.ENSP00000346725 (pp) 9606.ENSP00000407323","0.826","0.0","0.8","0.977","0.0",,"0.0","0.999","0.595"
"35.15350793570607","pp","9606.ENSP00000346725 (pp) 9606.ENSP00000402338","false","pp","9606.ENSP00000346725 (pp) 9606.ENSP00000402338","0.864","0.0","0.0","0.965","0.0",,"0.0","0.995","0.195"
"442.5741143908311","pp","9606.ENSP00000306788 (pp) 9606.ENSP00000368927","false","pp","9606.ENSP00000306788 (pp) 9606.ENSP00000368927","0.505","0.0","0.0","0.487","0.0",,"0.061","0.774","0.164"
"185.44446435917018","pp","9606.ENSP00000306788 (pp) 9606.ENSP00000355541","false","pp","9606.ENSP00000306788 (pp) 9606.ENSP00000355541","0.044","0.0","0.0","0.767","0.0",,"0.0","0.767","0.0"
"40.27571752459444","pp","9606.ENSP00000306788 (pp) 9606.ENSP00000379506","false","pp","9606.ENSP00000306788 (pp) 9606.ENSP00000379506","0.696","0.0","0.0","0.784","0.0",,"0.057","0.937","0.115"
"33.10574229691877","pp","9606.ENSP00000306788 (pp) 9606.ENSP00000346012","false","pp","9606.ENSP00000306788 (pp) 9606.ENSP00000346012","0.579","0.0","0.0","0.507","0.0",,"0.0","0.8","0.116"
"27.800980392156852","pp","9606.ENSP00000306788 (pp) 9606.ENSP00000359345","false","pp","9606.ENSP00000306788 (pp) 9606.ENSP00000359345","0.682","0.0","0.0","0.784","0.0",,"0.091","0.946","0.249"
"53.75000000000001","pp","9606.ENSP00000306788 (pp) 9606.ENSP00000472985","false","pp","9606.ENSP00000306788 (pp) 9606.ENSP00000472985","0.689","0.0","0.0","0.79","0.0",,"0.058","0.945","0.222"
"408.0","pp","9606.ENSP00000225614 (pp) 9606.ENSP00000338703","false","pp","9606.ENSP00000225614 (pp) 9606.ENSP00000338703","0.09","0.0","0.4","0.0","0.0",,"0.095","0.822","0.683"
"33.91666666666667","pp","9606.ENSP00000306788 (pp) 9606.ENSP00000414321","false","pp","9606.ENSP00000306788 (pp) 9606.ENSP00000414321","0.699","0.0","0.0","0.798","0.0",,"0.0","0.948","0.218"
"407.99999999999994","pp","9606.ENSP00000233627 (pp) 9606.ENSP00000353826","false","pp","9606.ENSP00000233627 (pp) 9606.ENSP00000353826","0.16","0.0","0.0","0.741","0.0",,"0.045","0.785","0.089"
"405.33333333333326","pp","9606.ENSP00000233627 (pp) 9606.ENSP00000317780","false","pp","9606.ENSP00000233627 (pp) 9606.ENSP00000317780","0.826","0.0","0.0","0.858","0.0",,"0.0","0.984","0.409"
"394.66666666666663","pp","9606.ENSP00000233627 (pp) 9606.ENSP00000365243","false","pp","9606.ENSP00000233627 (pp) 9606.ENSP00000365243","0.602","0.0","0.0","0.246","0.0",,"0.0","0.788","0.351"
"5.333333333333333","pp","9606.ENSP00000233627 (pp) 9606.ENSP00000362873","false","pp","9606.ENSP00000233627 (pp) 9606.ENSP00000362873","0.974","0.0","0.967","0.993","0.0",,"0.0","0.999","0.644"
"4.666666666666666","pp","9606.ENSP00000233627 (pp) 9606.ENSP00000419087","false","pp","9606.ENSP00000233627 (pp) 9606.ENSP00000419087","0.226","0.0","0.967","0.812","0.0",,"0.0","0.996","0.431"
"3.3333333333333335","pp","9606.ENSP00000365243 (pp) 9606.ENSP00000485401","false","pp","9606.ENSP00000365243 (pp) 9606.ENSP00000485401","0.609","0.0","0.623","0.472","0.0",,"0.0","0.926","0.16"
"4.666666666666666","pp","9606.ENSP00000233627 (pp) 9606.ENSP00000418438","false","pp","9606.ENSP00000233627 (pp) 9606.ENSP00000418438","0.919","0.0","0.967","0.921","0.0",,"0.0","0.999","0.727"
"408.0","pp","9606.ENSP00000317780 (pp) 9606.ENSP00000398064","false","pp","9606.ENSP00000317780 (pp) 9606.ENSP00000398064","0.181","0.0","0.0","0.0","0.0",,"0.0","0.906","0.89"
"397.66666666666663","pp","9606.ENSP00000317780 (pp) 9606.ENSP00000419087","false","pp","9606.ENSP00000317780 (pp) 9606.ENSP00000419087","0.184","0.0","0.0","0.8","0.0",,"0.0","0.884","0.348"
"397.66666666666663","pp","9606.ENSP00000317780 (pp) 9606.ENSP00000418438","false","pp","9606.ENSP00000317780 (pp) 9606.ENSP00000418438","0.237","0.0","0.0","0.83","0.0",,"0.0","0.911","0.373"
"11.333333333333336","pp","9606.ENSP00000317780 (pp) 9606.ENSP00000485401","false","pp","9606.ENSP00000317780 (pp) 9606.ENSP00000485401","0.464","0.0","0.633","0.539","0.0",,"0.0","0.907","0.1"
"137.33333333333337","pp","9606.ENSP00000317780 (pp) 9606.ENSP00000362873","false","pp","9606.ENSP00000317780 (pp) 9606.ENSP00000362873","0.867","0.0","0.0","0.83","0.0",,"0.0","0.989","0.568"
"812.0","pp","9606.ENSP00000317780 (pp) 9606.ENSP00000360782","false","pp","9606.ENSP00000317780 (pp) 9606.ENSP00000360782","0.415","0.0","0.286","0.775","0.0",,"0.0","0.917","0.219"
"132.66666666666657","pp","9606.ENSP00000362873 (pp) 9606.ENSP00000365243","false","pp","9606.ENSP00000362873 (pp) 9606.ENSP00000365243","0.673","0.0","0.0","0.189","0.0",,"0.0","0.81","0.342"
"9.333333333333332","pp","9606.ENSP00000317780 (pp) 9606.ENSP00000365243","false","pp","9606.ENSP00000317780 (pp) 9606.ENSP00000365243","0.689","0.0","0.744","0.918","0.0",,"0.0","0.999","0.894"
"3.6666666666666665","pp","9606.ENSP00000362873 (pp) 9606.ENSP00000419087","false","pp","9606.ENSP00000362873 (pp) 9606.ENSP00000419087","0.271","0.0","0.967","0.842","0.0",,"0.0","0.997","0.451"
"134.66666666666666","pp","9606.ENSP00000362873 (pp) 9606.ENSP00000485401","false","pp","9606.ENSP00000362873 (pp) 9606.ENSP00000485401","0.76","0.0","0.237","0.766","0.0",,"0.0","0.961","0.216"
"2.0","pp","9606.ENSP00000418438 (pp) 9606.ENSP00000419087","false","pp","9606.ENSP00000418438 (pp) 9606.ENSP00000419087","0.198","0.0","0.967","0.812","0.0",,"0.0","0.996","0.37"
"3.6666666666666665","pp","9606.ENSP00000362873 (pp) 9606.ENSP00000418438","false","pp","9606.ENSP00000362873 (pp) 9606.ENSP00000418438","0.502","0.0","0.967","0.986","0.0",,"0.0","0.999","0.927"
"1608.0","pp","9606.ENSP00000379267 (pp) 9606.ENSP00000390011","false","pp","9606.ENSP00000379267 (pp) 9606.ENSP00000390011","0.121","0.0","0.0","0.099","0.0",,"0.0","0.755","0.716"
"408.0","pp","9606.ENSP00000237853 (pp) 9606.ENSP00000379267","false","pp","9606.ENSP00000237853 (pp) 9606.ENSP00000379267","0.0","0.0","0.9","0.0","0.0",,"0.0","0.9","0.0"
"812.0","pp","9606.ENSP00000238714 (pp) 9606.ENSP00000387911","false","pp","9606.ENSP00000238714 (pp) 9606.ENSP00000387911","0.044","0.0","0.0","0.0","0.0",,"0.0","0.886","0.885"
"408.0","pp","9606.ENSP00000379267 (pp) 9606.ENSP00000414851","false","pp","9606.ENSP00000379267 (pp) 9606.ENSP00000414851","0.06","0.0","0.9","0.838","0.0",,"0.0","0.997","0.872"
"408.0","pp","9606.ENSP00000387911 (pp) 9606.ENSP00000481893","false","pp","9606.ENSP00000387911 (pp) 9606.ENSP00000481893","0.053","0.0","0.0","0.0","0.0",,"0.0","0.805","0.802"
"1212.0","pp","9606.ENSP00000238714 (pp) 9606.ENSP00000472998","false","pp","9606.ENSP00000238714 (pp) 9606.ENSP00000472998","0.0","0.0","0.0","0.235","0.0",,"0.0","0.988","0.985"
"1724.4314499518448","pp","9606.ENSP00000242848 (pp) 9606.ENSP00000451291","false","pp","9606.ENSP00000242848 (pp) 9606.ENSP00000451291","0.108","0.0","0.0","0.127","0.0",,"0.0","0.836","0.807"
"591.6057801967657","pp","9606.ENSP00000242848 (pp) 9606.ENSP00000359645","false","pp","9606.ENSP00000242848 (pp) 9606.ENSP00000359645","0.106","0.0","0.0","0.127","0.0",,"0.0","0.806","0.772"
"277.22636807636815","pp","9606.ENSP00000242848 (pp) 9606.ENSP00000481733","false","pp","9606.ENSP00000242848 (pp) 9606.ENSP00000481733","0.049","0.0","0.0","0.994","0.0",,"0.0","0.994","0.0"
"760.1212131006245","pp","9606.ENSP00000242848 (pp) 9606.ENSP00000365625","false","pp","9606.ENSP00000242848 (pp) 9606.ENSP00000365625","0.223","0.0","0.0","0.837","0.0",,"0.0","0.9","0.278"
"2421.427004100149","pp","9606.ENSP00000242848 (pp) 9606.ENSP00000481920","false","pp","9606.ENSP00000242848 (pp) 9606.ENSP00000481920","0.049","0.0","0.0","0.994","0.0",,"0.0","0.994","0.0"
"277.22636807636815","pp","9606.ENSP00000242848 (pp) 9606.ENSP00000292035","false","pp","9606.ENSP00000242848 (pp) 9606.ENSP00000292035","0.097","0.0","0.0","0.994","0.0",,"0.0","0.994","0.0"
"2044.1622965270024","pp","9606.ENSP00000451291 (pp) 9606.ENSP00000472998","false","pp","9606.ENSP00000451291 (pp) 9606.ENSP00000472998","0.672","0.0","0.0","0.251","0.0",,"0.0","0.923","0.711"
"17.166666666666664","pp","9606.ENSP00000359645 (pp) 9606.ENSP00000451291","false","pp","9606.ENSP00000359645 (pp) 9606.ENSP00000451291","0.781","0.0","0.4","0.481","0.0",,"0.0","0.986","0.822"
"205.94696969696972","pp","9606.ENSP00000481733 (pp) 9606.ENSP00000481920","false","pp","9606.ENSP00000481733 (pp) 9606.ENSP00000481920","0.057","0.0","0.9","0.978","0.0",,"0.0","0.999","0.818"
"332.3291244703007","pp","9606.ENSP00000365625 (pp) 9606.ENSP00000396301","false","pp","9606.ENSP00000365625 (pp) 9606.ENSP00000396301","0.119","0.0","0.9","0.064","0.0",,"0.0","0.916","0.104"
"205.94696969696972","pp","9606.ENSP00000292035 (pp) 9606.ENSP00000481920","false","pp","9606.ENSP00000292035 (pp) 9606.ENSP00000481920","0.067","0.0","0.8","0.964","0.0",,"0.0","0.998","0.83"
"147.40407370407368","pp","9606.ENSP00000292035 (pp) 9606.ENSP00000406549","false","pp","9606.ENSP00000292035 (pp) 9606.ENSP00000406549","0.0","0.0","0.0","0.8","0.0",,"0.0","0.818","0.129"
"408.0","pp","9606.ENSP00000243052 (pp) 9606.ENSP00000498074","false","pp","9606.ENSP00000243052 (pp) 9606.ENSP00000498074","0.0","0.0","0.9","0.0","0.0",,"0.0","0.93","0.334"
"2.0","pp","9606.ENSP00000292035 (pp) 9606.ENSP00000481733","false","pp","9606.ENSP00000292035 (pp) 9606.ENSP00000481733","0.049","0.0","0.8","0.985","0.0",,"0.0","0.999","0.994"
"516.0","pp","9606.ENSP00000243673 (pp) 9606.ENSP00000466009","false","pp","9606.ENSP00000243673 (pp) 9606.ENSP00000466009","0.042","0.0","0.9","0.0","0.0",,"0.0","0.901","0.054"
"588.0","pp","9606.ENSP00000243673 (pp) 9606.ENSP00000365016","false","pp","9606.ENSP00000243673 (pp) 9606.ENSP00000365016","0.0","0.0","0.9","0.049","0.0",,"0.0","0.9","0.042"
"96.0","pp","9606.ENSP00000244336 (pp) 9606.ENSP00000296435","false","pp","9606.ENSP00000244336 (pp) 9606.ENSP00000296435","0.771","0.0","0.0","0.0","0.0",,"0.0","0.864","0.434"
"656.0","pp","9606.ENSP00000365016 (pp) 9606.ENSP00000497069","false","pp","9606.ENSP00000365016 (pp) 9606.ENSP00000497069","0.137","0.0","0.9","0.522","0.0",,"0.0","0.998","0.973"
"720.0","pp","9606.ENSP00000296435 (pp) 9606.ENSP00000353874","false","pp","9606.ENSP00000296435 (pp) 9606.ENSP00000353874","0.093","0.0","0.0","0.0","0.0",,"0.0","0.967","0.966"
"836.0","pp","9606.ENSP00000296435 (pp) 9606.ENSP00000497069","false","pp","9606.ENSP00000296435 (pp) 9606.ENSP00000497069","0.0","0.0","0.0","0.292","0.0",,"0.0","0.817","0.753"
"3.0","pp","9606.ENSP00000244763 (pp) 9606.ENSP00000420641","false","pp","9606.ENSP00000244763 (pp) 9606.ENSP00000420641","0.674","0.0","0.8","0.897","0.0",,"0.0","0.999","0.998"
"405.0","pp","9606.ENSP00000244763 (pp) 9606.ENSP00000376472","false","pp","9606.ENSP00000244763 (pp) 9606.ENSP00000376472","0.438","0.0","0.0","0.8","0.0",,"0.0","0.94","0.512"
"404.0","pp","9606.ENSP00000376472 (pp) 9606.ENSP00000420641","false","pp","9606.ENSP00000376472 (pp) 9606.ENSP00000420641","0.441","0.0","0.0","0.8","0.0",,"0.0","0.94","0.511"
"446.60894660894655","pp","9606.ENSP00000376472 (pp) 9606.ENSP00000379506","false","pp","9606.ENSP00000376472 (pp) 9606.ENSP00000379506","0.044","0.0","0.0","0.786","0.0",,"0.0","0.809","0.144"
"16.583333333333336","pp","9606.ENSP00000247003 (pp) 9606.ENSP00000258772","false","pp","9606.ENSP00000247003 (pp) 9606.ENSP00000258772","0.817","0.18","0.0","0.0","0.0",,"0.0","0.869","0.194"
"186.93030303030304","pp","9606.ENSP00000247003 (pp) 9606.ENSP00000268802","false","pp","9606.ENSP00000247003 (pp) 9606.ENSP00000268802","0.645","0.0","0.0","0.09","0.0",,"0.0","0.857","0.592"
"44.03333333333335","pp","9606.ENSP00000268802 (pp) 9606.ENSP00000367498","false","pp","9606.ENSP00000268802 (pp) 9606.ENSP00000367498","0.141","0.0","0.0","0.8","0.0",,"0.0","0.847","0.183"
"204.48636363636362","pp","9606.ENSP00000247003 (pp) 9606.ENSP00000346725","false","pp","9606.ENSP00000247003 (pp) 9606.ENSP00000346725","0.78","0.0","0.5","0.269","0.0",,"0.0","0.915","0.071"
"769.2745248455749","pp","9606.ENSP00000268802 (pp) 9606.ENSP00000381531","false","pp","9606.ENSP00000268802 (pp) 9606.ENSP00000381531","0.072","0.0","0.8","0.41","0.0",,"0.0","0.904","0.233"
"110.27021933461563","pp","9606.ENSP00000268802 (pp) 9606.ENSP00000402338","false","pp","9606.ENSP00000268802 (pp) 9606.ENSP00000402338","0.804","0.0","0.0","0.0","0.0",,"0.0","0.893","0.477"
"85.11222490935371","pp","9606.ENSP00000268802 (pp) 9606.ENSP00000407323","false","pp","9606.ENSP00000268802 (pp) 9606.ENSP00000407323","0.888","0.0","0.0","0.0","0.0",,"0.0","0.933","0.426"
"80.27777777777779","pp","9606.ENSP00000268802 (pp) 9606.ENSP00000346725","false","pp","9606.ENSP00000268802 (pp) 9606.ENSP00000346725","0.854","0.0","0.0","0.0","0.0",,"0.0","0.919","0.472"
"468.374137297624","pp","9606.ENSP00000268802 (pp) 9606.ENSP00000472985","false","pp","9606.ENSP00000268802 (pp) 9606.ENSP00000472985","0.159","0.0","0.8","0.962","0.0",,"0.0","0.996","0.466"
"296.5044325831857","pp","9606.ENSP00000268802 (pp) 9606.ENSP00000414321","false","pp","9606.ENSP00000268802 (pp) 9606.ENSP00000414321","0.093","0.0","0.8","0.891","0.0",,"0.0","0.981","0.179"
"1557.2","pp","9606.ENSP00000247191 (pp) 9606.ENSP00000257934","false","pp","9606.ENSP00000247191 (pp) 9606.ENSP00000257934","0.766","0.0","0.0","0.0","0.0",,"0.0","0.82","0.262"
"3281.935662686129","pp","9606.ENSP00000247191 (pp) 9606.ENSP00000446215","false","pp","9606.ENSP00000247191 (pp) 9606.ENSP00000446215","0.124","0.0","0.0","0.681","0.0",,"0.0","0.75","0.18"
"390.5666666666667","pp","9606.ENSP00000247191 (pp) 9606.ENSP00000263181","false","pp","9606.ENSP00000247191 (pp) 9606.ENSP00000263181","0.816","0.0","0.0","0.0","0.0",,"0.0","0.945","0.714"
"295.95079365079374","pp","9606.ENSP00000247191 (pp) 9606.ENSP00000342307","false","pp","9606.ENSP00000247191 (pp) 9606.ENSP00000342307","0.787","0.0","0.0","0.0","0.0",,"0.0","0.872","0.424"
"295.45079365079374","pp","9606.ENSP00000247191 (pp) 9606.ENSP00000355922","false","pp","9606.ENSP00000247191 (pp) 9606.ENSP00000355922","0.913","0.0","0.0","0.0","0.0",,"0.0","0.976","0.743"
"97.44994840041286","pp","9606.ENSP00000247191 (pp) 9606.ENSP00000499238","false","pp","9606.ENSP00000247191 (pp) 9606.ENSP00000499238","0.865","0.0","0.0","0.0","0.0",,"0.0","0.965","0.752"
"8.5","pp","9606.ENSP00000257934 (pp) 9606.ENSP00000263181","false","pp","9606.ENSP00000257934 (pp) 9606.ENSP00000263181","0.414","0.0","0.5","0.0","0.0",,"0.0","0.753","0.225"
"295.45079365079374","pp","9606.ENSP00000247191 (pp) 9606.ENSP00000358813","false","pp","9606.ENSP00000247191 (pp) 9606.ENSP00000358813","0.947","0.0","0.0","0.0","0.0",,"0.0","0.977","0.582"
"14.766666666666666","pp","9606.ENSP00000257934 (pp) 9606.ENSP00000342307","false","pp","9606.ENSP00000257934 (pp) 9606.ENSP00000342307","0.829","0.0","0.0","0.0","0.0",,"0.0","0.923","0.57"
"812.0","pp","9606.ENSP00000257934 (pp) 9606.ENSP00000377936","false","pp","9606.ENSP00000257934 (pp) 9606.ENSP00000377936","0.0","0.0","0.0","0.84","0.0",,"0.0","0.886","0.321"
"14.266666666666666","pp","9606.ENSP00000257934 (pp) 9606.ENSP00000358813","false","pp","9606.ENSP00000257934 (pp) 9606.ENSP00000358813","0.772","0.0","0.0","0.421","0.0",,"0.0","0.945","0.615"
"14.266666666666666","pp","9606.ENSP00000257934 (pp) 9606.ENSP00000355922","false","pp","9606.ENSP00000257934 (pp) 9606.ENSP00000355922","0.755","0.0","0.5","0.0","0.0",,"0.0","0.926","0.443"
"2.5","pp","9606.ENSP00000342307 (pp) 9606.ENSP00000358813","false","pp","9606.ENSP00000342307 (pp) 9606.ENSP00000358813","0.629","0.0","0.0","0.066","0.0",,"0.0","0.766","0.378"
"408.0","pp","9606.ENSP00000257934 (pp) 9606.ENSP00000482546","false","pp","9606.ENSP00000257934 (pp) 9606.ENSP00000482546","0.114","0.0","0.9","0.292","0.0",,"0.0","0.993","0.907"
"2.5","pp","9606.ENSP00000342307 (pp) 9606.ENSP00000355922","false","pp","9606.ENSP00000342307 (pp) 9606.ENSP00000355922","0.747","0.0","0.75","0.0","0.0",,"0.0","0.989","0.845"
"104.81587301587301","pp","9606.ENSP00000342307 (pp) 9606.ENSP00000499238","false","pp","9606.ENSP00000342307 (pp) 9606.ENSP00000499238","0.632","0.0","0.0","0.0","0.0",,"0.0","0.782","0.433"
"4.466666666666667","pp","9606.ENSP00000263181 (pp) 9606.ENSP00000358813","false","pp","9606.ENSP00000263181 (pp) 9606.ENSP00000358813","0.88","0.0","0.0","0.0","0.0",,"0.0","0.927","0.419"
"4.466666666666667","pp","9606.ENSP00000263181 (pp) 9606.ENSP00000355922","false","pp","9606.ENSP00000263181 (pp) 9606.ENSP00000355922","0.625","0.0","0.0","0.0","0.0",,"0.0","0.85","0.617"
"2.0","pp","9606.ENSP00000355922 (pp) 9606.ENSP00000358813","false","pp","9606.ENSP00000355922 (pp) 9606.ENSP00000358813","0.886","0.0","0.0","0.0","0.0",,"0.0","0.967","0.723"
"106.78253968253968","pp","9606.ENSP00000355922 (pp) 9606.ENSP00000499238","false","pp","9606.ENSP00000355922 (pp) 9606.ENSP00000499238","0.855","0.0","0.0","0.0","0.0",,"0.0","0.944","0.631"
"3527.644877344879","pp","9606.ENSP00000348056 (pp) 9606.ENSP00000369716","false","pp","9606.ENSP00000348056 (pp) 9606.ENSP00000369716","0.049","0.0","0.4","0.276","0.0",,"0.0","0.773","0.515"
"106.78253968253968","pp","9606.ENSP00000358813 (pp) 9606.ENSP00000499238","false","pp","9606.ENSP00000358813 (pp) 9606.ENSP00000499238","0.856","0.0","0.0","0.0","0.0",,"0.0","0.926","0.507"
"699.6000000000001","pp","9606.ENSP00000348056 (pp) 9606.ENSP00000378199","false","pp","9606.ENSP00000348056 (pp) 9606.ENSP00000378199","0.1","0.0","0.8","0.053","0.0",,"0.0","0.819","0.067"
"642.3030303030304","pp","9606.ENSP00000348056 (pp) 9606.ENSP00000444029","false","pp","9606.ENSP00000348056 (pp) 9606.ENSP00000444029","0.08","0.0","0.5","0.421","0.0",,"0.0","0.786","0.294"
"7396.317950700246","pp","9606.ENSP00000348056 (pp) 9606.ENSP00000446215","false","pp","9606.ENSP00000348056 (pp) 9606.ENSP00000446215","0.226","0.0","0.5","0.829","0.0",,"0.0","0.942","0.238"
"5219.61849999637","pp","9606.ENSP00000348056 (pp) 9606.ENSP00000355759","false","pp","9606.ENSP00000348056 (pp) 9606.ENSP00000355759","0.095","0.0","0.5","0.531","0.0",,"0.0","0.82","0.255"
"1029.8130553656868","pp","9606.ENSP00000348056 (pp) 9606.ENSP00000376765","false","pp","9606.ENSP00000348056 (pp) 9606.ENSP00000376765","0.049","0.0","0.4","0.681","0.0",,"0.0","0.965","0.833"
"3072.0","pp","9606.ENSP00000348056 (pp) 9606.ENSP00000428209","false","pp","9606.ENSP00000348056 (pp) 9606.ENSP00000428209","0.114","0.0","0.5","0.284","0.0",,"0.0","0.954","0.873"
"577.1507936507938","pp","9606.ENSP00000266000 (pp) 9606.ENSP00000271640","false","pp","9606.ENSP00000266000 (pp) 9606.ENSP00000271640","0.127","0.0","0.0","0.349","0.0",,"0.0","0.793","0.665"
"408.0","pp","9606.ENSP00000348056 (pp) 9606.ENSP00000359221","false","pp","9606.ENSP00000348056 (pp) 9606.ENSP00000359221","0.0","0.0","0.4","0.926","0.0",,"0.0","0.991","0.829"
"787.4777777777779","pp","9606.ENSP00000266000 (pp) 9606.ENSP00000348056","false","pp","9606.ENSP00000266000 (pp) 9606.ENSP00000348056","0.06","0.0","0.4","0.822","0.0",,"0.0","0.975","0.78"
"408.0","pp","9606.ENSP00000266000 (pp) 9606.ENSP00000376436","false","pp","9606.ENSP00000266000 (pp) 9606.ENSP00000376436","0.089","0.0","0.0","0.623","0.0",,"0.0","0.83","0.546"
"1882.6704556938298","pp","9606.ENSP00000307786 (pp) 9606.ENSP00000441875","false","pp","9606.ENSP00000307786 (pp) 9606.ENSP00000441875","0.15","0.0","0.0","0.165","0.0",,"0.0","0.788","0.725"
"3274.4712971680206","pp","9606.ENSP00000307786 (pp) 9606.ENSP00000354681","false","pp","9606.ENSP00000307786 (pp) 9606.ENSP00000354681","0.109","0.0","0.0","0.0","0.0",,"0.0","0.768","0.75"
"457.8224807871868","pp","9606.ENSP00000307786 (pp) 9606.ENSP00000416338","false","pp","9606.ENSP00000307786 (pp) 9606.ENSP00000416338","0.047","0.0","0.0","0.0","0.0",,"0.0","0.87","0.869"
"517.333333333331","pp","9606.ENSP00000307786 (pp) 9606.ENSP00000485401","false","pp","9606.ENSP00000307786 (pp) 9606.ENSP00000485401","0.714","0.0","0.0","0.094","0.0",,"0.0","0.789","0.251"
"2845.333333333341","pp","9606.ENSP00000307786 (pp) 9606.ENSP00000317780","false","pp","9606.ENSP00000307786 (pp) 9606.ENSP00000317780","0.609","0.0","0.4","0.525","0.0",,"0.0","0.952","0.622"
"4331.118668359159","pp","9606.ENSP00000307786 (pp) 9606.ENSP00000355759","false","pp","9606.ENSP00000307786 (pp) 9606.ENSP00000355759","0.062","0.0","0.0","0.0","0.0",,"0.0","0.892","0.89"
"408.0","pp","9606.ENSP00000307786 (pp) 9606.ENSP00000428845","false","pp","9606.ENSP00000307786 (pp) 9606.ENSP00000428845","0.137","0.0","0.9","0.071","0.0",,"0.0","0.96","0.564"
"905.3333333333359","pp","9606.ENSP00000307786 (pp) 9606.ENSP00000365243","false","pp","9606.ENSP00000307786 (pp) 9606.ENSP00000365243","0.402","0.0","0.0","0.8","0.0",,"0.0","0.955","0.656"
"297.7666666666667","pp","9606.ENSP00000251810 (pp) 9606.ENSP00000377814","false","pp","9606.ENSP00000251810 (pp) 9606.ENSP00000377814","0.138","0.0","0.9","0.0","0.0",,"0.0","0.913","0.072"
"110.23333333333335","pp","9606.ENSP00000251810 (pp) 9606.ENSP00000416658","false","pp","9606.ENSP00000251810 (pp) 9606.ENSP00000416658","0.097","0.0","0.729","0.0","0.0",,"0.0","0.796","0.23"
"209.80216450216446","pp","9606.ENSP00000416658 (pp) 9606.ENSP00000497744","false","pp","9606.ENSP00000416658 (pp) 9606.ENSP00000497744","0.123","0.0","0.923","0.0","0.0",,"0.042","0.947","0.28"
"2034.1628102318505","pp","9606.ENSP00000416658 (pp) 9606.ENSP00000498074","false","pp","9606.ENSP00000416658 (pp) 9606.ENSP00000498074","0.0","0.0","0.916","0.0","0.0",,"0.0","0.92","0.085"
"184.0","pp","9606.ENSP00000368314 (pp) 9606.ENSP00000447006","false","pp","9606.ENSP00000368314 (pp) 9606.ENSP00000447006","0.139","0.0","0.9","0.324","0.0",,"0.0","0.969","0.533"
"96.0","pp","9606.ENSP00000255039 (pp) 9606.ENSP00000368314","false","pp","9606.ENSP00000255039 (pp) 9606.ENSP00000368314","0.109","0.0","0.0","0.0","0.0",,"0.0","0.777","0.76"
"408.0","pp","9606.ENSP00000256104 (pp) 9606.ENSP00000362082","false","pp","9606.ENSP00000256104 (pp) 9606.ENSP00000362082","0.056","0.0","0.75","0.0","0.0",,"0.0","0.77","0.104"
"408.0","pp","9606.ENSP00000377936 (pp) 9606.ENSP00000379364","false","pp","9606.ENSP00000377936 (pp) 9606.ENSP00000379364","0.0","0.0","0.0","0.841","0.0",,"0.0","0.851","0.102"
"96.0","pp","9606.ENSP00000258381 (pp) 9606.ENSP00000360876","false","pp","9606.ENSP00000258381 (pp) 9606.ENSP00000360876","0.767","0.0","0.0","0.0","0.0",,"0.0","0.768","0.046"
"50.0","pp","9606.ENSP00000360876 (pp) 9606.ENSP00000377344","false","pp","9606.ENSP00000360876 (pp) 9606.ENSP00000377344","0.784","0.0","0.0","0.0","0.0",,"0.0","0.936","0.717"
"308.0","pp","9606.ENSP00000360876 (pp) 9606.ENSP00000380697","false","pp","9606.ENSP00000360876 (pp) 9606.ENSP00000380697","0.656","0.0","0.0","0.052","0.0",,"0.0","0.893","0.699"
"15.266574767967956","pp","9606.ENSP00000355541 (pp) 9606.ENSP00000402338","false","pp","9606.ENSP00000355541 (pp) 9606.ENSP00000402338","0.723","0.0","0.0","0.069","0.0",,"0.0","0.786","0.237"
"6.0","pp","9606.ENSP00000360876 (pp) 9606.ENSP00000371471","false","pp","9606.ENSP00000360876 (pp) 9606.ENSP00000371471","0.999","0.0","0.0","0.094","0.0",,"0.0","0.999","0.845"
"409.4414435810717","pp","9606.ENSP00000355541 (pp) 9606.ENSP00000472985","false","pp","9606.ENSP00000355541 (pp) 9606.ENSP00000472985","0.097","0.0","0.4","0.98","0.0",,"0.0","0.989","0.116"
"251.63489059959653","pp","9606.ENSP00000355541 (pp) 9606.ENSP00000414321","false","pp","9606.ENSP00000355541 (pp) 9606.ENSP00000414321","0.102","0.0","0.4","0.973","0.0",,"0.0","0.986","0.138"
"408.0","pp","9606.ENSP00000260270 (pp) 9606.ENSP00000365159","false","pp","9606.ENSP00000260270 (pp) 9606.ENSP00000365159","0.21","0.0","0.0","0.128","0.0",,"0.111","0.802","0.715"
"812.0","pp","9606.ENSP00000260270 (pp) 9606.ENSP00000307786","false","pp","9606.ENSP00000260270 (pp) 9606.ENSP00000307786","0.134","0.0","0.0","0.0","0.0",,"0.0","0.981","0.979"
"96.0","pp","9606.ENSP00000264036 (pp) 9606.ENSP00000379350","false","pp","9606.ENSP00000264036 (pp) 9606.ENSP00000379350","0.051","0.0","0.4","0.071","0.0",,"0.0","0.82","0.701"
"408.0","pp","9606.ENSP00000263791 (pp) 9606.ENSP00000364119","false","pp","9606.ENSP00000263791 (pp) 9606.ENSP00000364119","0.11","0.0","0.5","0.095","0.0",,"0.0","0.85","0.672"
"96.0","pp","9606.ENSP00000379350 (pp) 9606.ENSP00000386229","false","pp","9606.ENSP00000379350 (pp) 9606.ENSP00000386229","0.054","0.0","0.9","0.0","0.0",,"0.0","0.901","0.0"
"1176.0","pp","9606.ENSP00000379350 (pp) 9606.ENSP00000497069","false","pp","9606.ENSP00000379350 (pp) 9606.ENSP00000497069","0.078","0.0","0.0","0.368","0.0",,"0.0","0.836","0.741"
"96.0","pp","9606.ENSP00000379350 (pp) 9606.ENSP00000389252","false","pp","9606.ENSP00000379350 (pp) 9606.ENSP00000389252","0.049","0.0","0.9","0.0","0.0",,"0.0","0.972","0.737"
"96.0","pp","9606.ENSP00000379350 (pp) 9606.ENSP00000498766","false","pp","9606.ENSP00000379350 (pp) 9606.ENSP00000498766","0.0","0.0","0.9","0.067","0.0",,"0.0","0.922","0.239"
"1608.0","pp","9606.ENSP00000264926 (pp) 9606.ENSP00000393139","false","pp","9606.ENSP00000264926 (pp) 9606.ENSP00000393139","0.337","0.0","0.0","0.319","0.0",,"0.0","0.781","0.554"
"80.0","pp","9606.ENSP00000264926 (pp) 9606.ENSP00000428209","false","pp","9606.ENSP00000264926 (pp) 9606.ENSP00000428209","0.086","0.0","0.5","0.088","0.0",,"0.0","0.992","0.983"
"1920.0","pp","9606.ENSP00000264926 (pp) 9606.ENSP00000348056","false","pp","9606.ENSP00000264926 (pp) 9606.ENSP00000348056","0.049","0.0","0.0","0.377","0.0",,"0.0","0.903","0.849"
"161.42857142857144","pp","9606.ENSP00000271640 (pp) 9606.ENSP00000377060","false","pp","9606.ENSP00000271640 (pp) 9606.ENSP00000377060","0.062","0.0","0.0","0.265","0.0",,"0.0","0.851","0.801"
"394.27777777777777","pp","9606.ENSP00000271640 (pp) 9606.ENSP00000369716","false","pp","9606.ENSP00000271640 (pp) 9606.ENSP00000369716","0.115","0.0","0.0","0.112","0.0",,"0.0","0.779","0.742"
"147.9833333333335","pp","9606.ENSP00000367498 (pp) 9606.ENSP00000414321","false","pp","9606.ENSP00000367498 (pp) 9606.ENSP00000414321","0.141","0.0","0.0","0.8","0.0",,"0.0","0.821","0.0"
"408.0","pp","9606.ENSP00000271640 (pp) 9606.ENSP00000379808","false","pp","9606.ENSP00000271640 (pp) 9606.ENSP00000379808","0.069","0.0","0.0","0.73","0.0",,"0.0","0.96","0.856"
"1767.1574314574323","pp","9606.ENSP00000381531 (pp) 9606.ENSP00000414321","false","pp","9606.ENSP00000381531 (pp) 9606.ENSP00000414321","0.056","0.0","0.8","0.062","0.0",,"0.0","0.81","0.058"
"215.98333333333335","pp","9606.ENSP00000367498 (pp) 9606.ENSP00000472985","false","pp","9606.ENSP00000367498 (pp) 9606.ENSP00000472985","0.264","0.0","0.0","0.8","0.0",,"0.0","0.877","0.236"
"408.0","pp","9606.ENSP00000381531 (pp) 9606.ENSP00000482093","false","pp","9606.ENSP00000381531 (pp) 9606.ENSP00000482093","0.0","0.0","0.9","0.392","0.0",,"0.0","0.988","0.831"
"1964.3796536796544","pp","9606.ENSP00000381531 (pp) 9606.ENSP00000472985","false","pp","9606.ENSP00000381531 (pp) 9606.ENSP00000472985","0.057","0.0","0.8","0.11","0.0",,"0.0","0.817","0.0"
"1212.0","pp","9606.ENSP00000377060 (pp) 9606.ENSP00000437659","false","pp","9606.ENSP00000377060 (pp) 9606.ENSP00000437659","0.067","0.0","0.0","0.091","0.0",,"0.0","0.785","0.766"
"8.0","pp","9606.ENSP00000269593 (pp) 9606.ENSP00000363826","false","pp","9606.ENSP00000269593 (pp) 9606.ENSP00000363826","0.083","0.0","0.0","0.0","0.0",,"0.0","0.838","0.831"
"618.0643373138729","pp","9606.ENSP00000283195 (pp) 9606.ENSP00000499238","false","pp","9606.ENSP00000283195 (pp) 9606.ENSP00000499238","0.086","0.0","0.0","0.711","0.0",,"0.0","0.784","0.249"
"96.0","pp","9606.ENSP00000281821 (pp) 9606.ENSP00000383053","false","pp","9606.ENSP00000281821 (pp) 9606.ENSP00000383053","0.0","0.06","0.5","0.235","0.0",,"0.0","0.915","0.792"
"210.60000000000005","pp","9606.ENSP00000283195 (pp) 9606.ENSP00000355465","false","pp","9606.ENSP00000283195 (pp) 9606.ENSP00000355465","0.403","0.0","0.0","0.867","0.0",,"0.0","0.992","0.915"
"210.60000000000005","pp","9606.ENSP00000283195 (pp) 9606.ENSP00000428259","false","pp","9606.ENSP00000283195 (pp) 9606.ENSP00000428259","0.066","0.0","0.9","0.104","0.0",,"0.0","0.916","0.116"
"424.5812615317261","pp","9606.ENSP00000283195 (pp) 9606.ENSP00000446215","false","pp","9606.ENSP00000283195 (pp) 9606.ENSP00000446215","0.256","0.0","0.5","0.998","0.0",,"0.0","0.999","0.946"
"14.0","pp","9606.ENSP00000283195 (pp) 9606.ENSP00000444029","false","pp","9606.ENSP00000283195 (pp) 9606.ENSP00000444029","0.329","0.0","0.9","0.658","0.0",,"0.0","0.996","0.858"
"197.39999999999998","pp","9606.ENSP00000428259 (pp) 9606.ENSP00000444029","false","pp","9606.ENSP00000428259 (pp) 9606.ENSP00000444029","0.06","0.0","0.9","0.405","0.0",,"0.0","0.949","0.196"
"904.0830757821469","pp","9606.ENSP00000283195 (pp) 9606.ENSP00000348056","false","pp","9606.ENSP00000283195 (pp) 9606.ENSP00000348056","0.121","0.0","0.9","0.991","0.0",,"0.0","0.999","0.998"
